A,B,n,delta,dz,wins,p,p_fdr,p_bonf,effect,sig_fdr,sig_bonf,domain,metric
Manual,GPT-Schema,11,0.03572029704833839,1.4690520341182098,11,0.00048828125,0.00048828125,0.0029296875,Large,Y,Y,drugs,QWK_Oracle
Manual,GPT-Free,11,0.07172717453234576,3.015616027007185,11,0.00048828125,0.00048828125,0.0029296875,Large,Y,Y,drugs,QWK_Oracle
Manual,GPT-Law,11,0.08504187390088314,2.886978114927983,11,0.00048828125,0.00048828125,0.0029296875,Large,Y,Y,drugs,QWK_Oracle
Manual,Raw-Facts,11,0.06323349478187427,2.5197084840448527,11,0.00048828125,0.00048828125,0.0029296875,Large,Y,Y,drugs,QWK_Oracle
Manual,Hybrid-Manual,11,0.054250096664629426,2.9351713644327004,11,0.00048828125,0.00048828125,0.0029296875,Large,Y,Y,drugs,QWK_Oracle
Manual,Hybrid-Full,11,0.05035759325927343,2.1148602127923115,11,0.00048828125,0.00048828125,0.0029296875,Large,Y,Y,drugs,QWK_Oracle
GPT-Schema,Manual,11,-0.03572029704833839,-1.4690520341182098,0,1.0,1.0,1.0,Large,,,drugs,QWK_Oracle
GPT-Schema,GPT-Free,11,0.03600687748400737,1.6693020565006174,11,0.00048828125,0.00146484375,0.0029296875,Large,Y,Y,drugs,QWK_Oracle
GPT-Schema,GPT-Law,11,0.04932157685254475,1.7149806957238016,11,0.00048828125,0.00146484375,0.0029296875,Large,Y,Y,drugs,QWK_Oracle
GPT-Schema,Raw-Facts,11,0.027513197733535888,1.1284837436231976,9,0.0048828125,0.009765625,0.029296875,Large,Y,Y,drugs,QWK_Oracle
GPT-Schema,Hybrid-Manual,11,0.018529799616291035,0.7644064752211813,9,0.02099609375,0.031494140625,0.1259765625,Medium,Y,,drugs,QWK_Oracle
GPT-Schema,Hybrid-Full,11,0.014637296210935043,0.4222985230436191,7,0.1201171875,0.144140625,0.720703125,Small,,,drugs,QWK_Oracle
GPT-Free,Manual,11,-0.07172717453234576,-3.015616027007185,0,1.0,1.0,1.0,Large,,,drugs,QWK_Oracle
GPT-Free,GPT-Schema,11,-0.03600687748400737,-1.6693020565006174,0,1.0,1.0,1.0,Large,,,drugs,QWK_Oracle
GPT-Free,GPT-Law,11,0.013314699368537382,0.7097227202839217,9,0.00927734375,0.0556640625,0.0556640625,Medium,,,drugs,QWK_Oracle
GPT-Free,Raw-Facts,11,-0.008493679750471479,-0.45430982128042086,5,0.92626953125,1.0,1.0,Small,,,drugs,QWK_Oracle
GPT-Free,Hybrid-Manual,11,-0.01747707786771633,-1.673975839194689,2,0.99853515625,1.0,1.0,Large,,,drugs,QWK_Oracle
GPT-Free,Hybrid-Full,11,-0.021369581273072324,-0.6930736969667806,4,0.94921875,1.0,1.0,Medium,,,drugs,QWK_Oracle
GPT-Law,Manual,11,-0.08504187390088314,-2.886978114927983,0,1.0,1.0,1.0,Large,,,drugs,QWK_Oracle
GPT-Law,GPT-Schema,11,-0.04932157685254475,-1.7149806957238016,0,1.0,1.0,1.0,Large,,,drugs,QWK_Oracle
GPT-Law,GPT-Free,11,-0.013314699368537382,-0.7097227202839217,2,0.9931640625,1.0,1.0,Medium,,,drugs,QWK_Oracle
GPT-Law,Raw-Facts,11,-0.02180837911900886,-1.2056696959198887,2,0.99658203125,1.0,1.0,Large,,,drugs,QWK_Oracle
GPT-Law,Hybrid-Manual,11,-0.030791777236253714,-1.5958098879287013,0,1.0,1.0,1.0,Large,,,drugs,QWK_Oracle
GPT-Law,Hybrid-Full,11,-0.03468428064160971,-0.9171338095610334,2,0.99755859375,1.0,1.0,Large,,,drugs,QWK_Oracle
Raw-Facts,Manual,11,-0.06323349478187427,-2.5197084840448527,0,1.0,1.0,1.0,Large,,,drugs,QWK_Oracle
Raw-Facts,GPT-Schema,11,-0.027513197733535888,-1.1284837436231976,2,0.99658203125,1.0,1.0,Large,,,drugs,QWK_Oracle
Raw-Facts,GPT-Free,11,0.008493679750471479,0.45430982128042086,6,0.08740234375,0.26220703125,0.5244140625,Small,,,drugs,QWK_Oracle
Raw-Facts,GPT-Law,11,0.02180837911900886,1.2056696959198887,9,0.0048828125,0.029296875,0.029296875,Large,Y,Y,drugs,QWK_Oracle
Raw-Facts,Hybrid-Manual,11,-0.008983398117244851,-0.47277400641611594,3,0.92626953125,1.0,1.0,Small,,,drugs,QWK_Oracle
Raw-Facts,Hybrid-Full,11,-0.012875901522600845,-0.35678377033557745,4,0.83984375,1.0,1.0,Small,,,drugs,QWK_Oracle
Hybrid-Manual,Manual,11,-0.054250096664629426,-2.9351713644327004,0,1.0,1.0,1.0,Large,,,drugs,QWK_Oracle
Hybrid-Manual,GPT-Schema,11,-0.018529799616291035,-0.7644064752211813,2,0.98388671875,1.0,1.0,Medium,,,drugs,QWK_Oracle
Hybrid-Manual,GPT-Free,11,0.01747707786771633,1.673975839194689,9,0.00244140625,0.00732421875,0.0146484375,Large,Y,Y,drugs,QWK_Oracle
Hybrid-Manual,GPT-Law,11,0.030791777236253714,1.5958098879287013,11,0.00048828125,0.0029296875,0.0029296875,Large,Y,Y,drugs,QWK_Oracle
Hybrid-Manual,Raw-Facts,11,0.008983398117244851,0.47277400641611594,8,0.08740234375,0.1748046875,0.5244140625,Small,,,drugs,QWK_Oracle
Hybrid-Manual,Hybrid-Full,11,-0.003892503405355993,-0.13314421661872947,5,0.68115234375,1.0,1.0,Negligible,,,drugs,QWK_Oracle
Hybrid-Full,Manual,11,-0.05035759325927343,-2.1148602127923115,0,1.0,1.0,1.0,Large,,,drugs,QWK_Oracle
Hybrid-Full,GPT-Schema,11,-0.014637296210935043,-0.4222985230436191,4,0.89697265625,1.0,1.0,Small,,,drugs,QWK_Oracle
Hybrid-Full,GPT-Free,11,0.021369581273072324,0.6930736969667806,7,0.0615234375,0.1845703125,0.369140625,Medium,,,drugs,QWK_Oracle
Hybrid-Full,GPT-Law,11,0.03468428064160971,0.9171338095610334,9,0.00341796875,0.0205078125,0.0205078125,Large,Y,Y,drugs,QWK_Oracle
Hybrid-Full,Raw-Facts,11,0.012875901522600845,0.35678377033557745,7,0.1826171875,0.365234375,1.0,Small,,,drugs,QWK_Oracle
Hybrid-Full,Hybrid-Manual,11,0.003892503405355993,0.13314421661872947,6,0.35009765625,0.525146484375,1.0,Negligible,,,drugs,QWK_Oracle
Manual,GPT-Schema,11,0.03669754280497524,0.9880271854002808,9,0.0048828125,0.00732421875,0.029296875,Large,Y,Y,weapon,QWK_Oracle
Manual,GPT-Free,11,0.06840845658638967,1.6451207019180225,10,0.0009765625,0.0029296875,0.005859375,Large,Y,Y,weapon,QWK_Oracle
Manual,GPT-Law,11,0.07112238874431613,1.5803773791335014,10,0.0009765625,0.0029296875,0.005859375,Large,Y,Y,weapon,QWK_Oracle
Manual,Raw-Facts,11,0.0730166990539392,1.0004088870300183,9,0.0048828125,0.00732421875,0.029296875,Large,Y,Y,weapon,QWK_Oracle
Manual,Hybrid-Manual,11,0.029342691949764608,0.9943978860022188,8,0.01220703125,0.0146484375,0.0732421875,Large,Y,,weapon,QWK_Oracle
Manual,Hybrid-Full,11,0.022845928349031583,0.6073815665157878,9,0.04150390625,0.04150390625,0.2490234375,Medium,Y,,weapon,QWK_Oracle
GPT-Schema,Manual,11,-0.03669754280497524,-0.9880271854002808,2,0.99658203125,0.99658203125,1.0,Large,,,weapon,QWK_Oracle
GPT-Schema,GPT-Free,11,0.03171091378141442,0.7775955094261131,9,0.01611328125,0.04833984375,0.0966796875,Medium,Y,,weapon,QWK_Oracle
GPT-Schema,GPT-Law,11,0.03442484593934089,0.8488299484469854,9,0.01220703125,0.04833984375,0.0732421875,Large,Y,,weapon,QWK_Oracle
GPT-Schema,Raw-Facts,11,0.03631915624896396,0.4425896922127144,9,0.08740234375,0.1748046875,0.5244140625,Small,,,weapon,QWK_Oracle
GPT-Schema,Hybrid-Manual,11,-0.007354850855210634,-0.1919170873995266,4,0.740234375,0.9521484375,1.0,Negligible,,,weapon,QWK_Oracle
GPT-Schema,Hybrid-Full,11,-0.013851614455943658,-0.28361146602814474,4,0.79345703125,0.9521484375,1.0,Small,,,weapon,QWK_Oracle
GPT-Free,Manual,11,-0.06840845658638967,-1.6451207019180225,1,0.99951171875,1.0,1.0,Large,,,weapon,QWK_Oracle
GPT-Free,GPT-Schema,11,-0.03171091378141442,-0.7775955094261131,2,0.98779296875,1.0,1.0,Medium,,,weapon,QWK_Oracle
GPT-Free,GPT-Law,11,0.0027139321579264697,0.07277633856906628,7,0.259765625,1.0,1.0,Negligible,,,weapon,QWK_Oracle
GPT-Free,Raw-Facts,11,0.004608242467549539,0.09287241473318884,6,0.38232421875,1.0,1.0,Negligible,,,weapon,QWK_Oracle
GPT-Free,Hybrid-Manual,11,-0.039065764636625054,-1.4040242297775936,1,0.99853515625,1.0,1.0,Large,,,weapon,QWK_Oracle
GPT-Free,Hybrid-Full,11,-0.045562528237358076,-1.7954993673381694,0,1.0,1.0,1.0,Large,,,weapon,QWK_Oracle
GPT-Law,Manual,11,-0.07112238874431613,-1.5803773791335014,1,0.99951171875,0.99951171875,1.0,Large,,,weapon,QWK_Oracle
GPT-Law,GPT-Schema,11,-0.03442484593934089,-0.8488299484469854,2,0.99072265625,0.99951171875,1.0,Large,,,weapon,QWK_Oracle
GPT-Law,GPT-Free,11,-0.0027139321579264697,-0.07277633856906628,4,0.767578125,0.99951171875,1.0,Negligible,,,weapon,QWK_Oracle
GPT-Law,Raw-Facts,11,0.0018943103096230698,0.025138983367620864,4,0.55078125,0.99951171875,1.0,Negligible,,,weapon,QWK_Oracle
GPT-Law,Hybrid-Manual,11,-0.04177969679455152,-1.0292921664321502,3,0.9951171875,0.99951171875,1.0,Large,,,weapon,QWK_Oracle
GPT-Law,Hybrid-Full,11,-0.04827646039528455,-0.859028433315784,2,0.99072265625,0.99951171875,1.0,Large,,,weapon,QWK_Oracle
Raw-Facts,Manual,11,-0.0730166990539392,-1.0004088870300183,2,0.99658203125,0.99755859375,1.0,Large,,,weapon,QWK_Oracle
Raw-Facts,GPT-Schema,11,-0.03631915624896396,-0.4425896922127144,2,0.92626953125,0.99755859375,1.0,Small,,,weapon,QWK_Oracle
Raw-Facts,GPT-Free,11,-0.004608242467549539,-0.09287241473318884,5,0.64990234375,0.99755859375,1.0,Negligible,,,weapon,QWK_Oracle
Raw-Facts,GPT-Law,11,-0.0018943103096230698,-0.025138983367620864,7,0.48291015625,0.99755859375,1.0,Negligible,,,weapon,QWK_Oracle
Raw-Facts,Hybrid-Manual,11,-0.04367400710417459,-0.6228147601447948,2,0.97314453125,0.99755859375,1.0,Medium,,,weapon,QWK_Oracle
Raw-Facts,Hybrid-Full,11,-0.050170770704907615,-1.026076235142091,1,0.99755859375,0.99755859375,1.0,Large,,,weapon,QWK_Oracle
Hybrid-Manual,Manual,11,-0.029342691949764608,-0.9943978860022188,3,0.99072265625,0.99072265625,1.0,Large,,,weapon,QWK_Oracle
Hybrid-Manual,GPT-Schema,11,0.007354850855210634,0.1919170873995266,7,0.28857421875,0.432861328125,1.0,Negligible,,,weapon,QWK_Oracle
Hybrid-Manual,GPT-Free,11,0.039065764636625054,1.4040242297775936,10,0.00244140625,0.0146484375,0.0146484375,Large,Y,Y,weapon,QWK_Oracle
Hybrid-Manual,GPT-Law,11,0.04177969679455152,1.0292921664321502,8,0.0068359375,0.0205078125,0.041015625,Large,Y,Y,weapon,QWK_Oracle
Hybrid-Manual,Raw-Facts,11,0.04367400710417459,0.6228147601447948,9,0.03369140625,0.0673828125,0.2021484375,Medium,,,weapon,QWK_Oracle
Hybrid-Manual,Hybrid-Full,11,-0.006496763600733025,-0.18942590595940376,5,0.68115234375,0.8173828125,1.0,Negligible,,,weapon,QWK_Oracle
Hybrid-Full,Manual,11,-0.022845928349031583,-0.6073815665157878,2,0.96630859375,0.96630859375,1.0,Medium,,,weapon,QWK_Oracle
Hybrid-Full,GPT-Schema,11,0.013851614455943658,0.28361146602814474,7,0.232421875,0.3486328125,1.0,Small,,,weapon,QWK_Oracle
Hybrid-Full,GPT-Free,11,0.045562528237358076,1.7954993673381694,11,0.00048828125,0.0029296875,0.0029296875,Large,Y,Y,weapon,QWK_Oracle
Hybrid-Full,GPT-Law,11,0.04827646039528455,0.859028433315784,9,0.01220703125,0.0244140625,0.0732421875,Large,Y,,weapon,QWK_Oracle
Hybrid-Full,Raw-Facts,11,0.050170770704907615,1.026076235142091,10,0.00341796875,0.01025390625,0.0205078125,Large,Y,Y,weapon,QWK_Oracle
Hybrid-Full,Hybrid-Manual,11,0.006496763600733025,0.18942590595940376,6,0.35009765625,0.4201171875,1.0,Negligible,,,weapon,QWK_Oracle
