A,B,n,delta,dz,wins,p,p_fdr,p_bonf,effect,sig_fdr,sig_bonf,domain,task,metric
Manual,GPT-Schema,11,0.051539715763168695,0.8243968788192851,9,0.01220703125,0.0146484375,0.0732421875,Large,✓,,drugs,0,F1_CV
Manual,GPT-Free,11,0.038804621488680385,0.8467204827213487,8,0.009765625,0.0146484375,0.05859375,Large,✓,,drugs,0,F1_CV
Manual,GPT-Law,11,0.041133776983204105,1.0913596534551957,8,0.0048828125,0.013671875,0.029296875,Large,✓,✓,drugs,0,F1_CV
Manual,Raw-Facts,11,0.05335999864092564,1.0127975239134261,9,0.0048828125,0.013671875,0.029296875,Large,✓,✓,drugs,0,F1_CV
Manual,Hybrid-Manual,11,0.03724302694881774,1.096075215957853,9,0.0068359375,0.013671875,0.041015625,Large,✓,✓,drugs,0,F1_CV
Manual,Hybrid-Full,11,0.020287700575745592,0.6872424998886011,8,0.02099609375,0.02099609375,0.1259765625,Medium,✓,,drugs,0,F1_CV
GPT-Schema,Manual,11,-0.051539715763168695,-0.8243968788192851,2,0.99072265625,0.99072265625,1.0,Large,,,drugs,0,F1_CV
GPT-Schema,GPT-Free,11,-0.012735094274488308,-0.2068978007014698,5,0.767578125,0.99072265625,1.0,Small,,,drugs,0,F1_CV
GPT-Schema,GPT-Law,11,-0.010405938779964591,-0.21036456086751765,6,0.61767578125,0.99072265625,1.0,Small,,,drugs,0,F1_CV
GPT-Schema,Raw-Facts,11,0.0018202828777569393,0.03292364645767844,4,0.615234375,0.99072265625,1.0,Negligible,,,drugs,0,F1_CV
GPT-Schema,Hybrid-Manual,11,-0.014296688814350957,-0.2146874304522742,3,0.7841796875,0.99072265625,1.0,Small,,,drugs,0,F1_CV
GPT-Schema,Hybrid-Full,11,-0.031252015187423106,-0.4404499372120573,5,0.8798828125,0.99072265625,1.0,Small,,,drugs,0,F1_CV
GPT-Free,Manual,11,-0.038804621488680385,-0.8467204827213487,2,0.9931640625,0.9931640625,1.0,Large,,,drugs,0,F1_CV
GPT-Free,GPT-Schema,11,0.012735094274488308,0.2068978007014698,6,0.259765625,0.6953125,1.0,Small,,,drugs,0,F1_CV
GPT-Free,GPT-Law,11,0.002329155494523717,0.06390696899879816,5,0.34765625,0.6953125,1.0,Negligible,,,drugs,0,F1_CV
GPT-Free,Raw-Facts,11,0.014555377152245247,0.44797896524686803,5,0.125,0.6953125,0.75,Small,,,drugs,0,F1_CV
GPT-Free,Hybrid-Manual,11,-0.001561594539862649,-0.03641671435676056,4,0.5771484375,0.86572265625,1.0,Negligible,,,drugs,0,F1_CV
GPT-Free,Hybrid-Full,11,-0.018516920912934796,-0.4202444515934527,5,0.89697265625,0.9931640625,1.0,Small,,,drugs,0,F1_CV
GPT-Law,Manual,11,-0.041133776983204105,-1.0913596534551957,2,0.9970703125,0.9970703125,1.0,Large,,,drugs,0,F1_CV
GPT-Law,GPT-Schema,11,0.010405938779964591,0.21036456086751765,5,0.41552734375,0.9970703125,1.0,Small,,,drugs,0,F1_CV
GPT-Law,GPT-Free,11,-0.002329155494523717,-0.06390696899879816,5,0.6875,0.9970703125,1.0,Negligible,,,drugs,0,F1_CV
GPT-Law,Raw-Facts,11,0.01222622165772153,0.36084895483785784,7,0.1611328125,0.966796875,0.966796875,Small,,,drugs,0,F1_CV
GPT-Law,Hybrid-Manual,11,-0.003890750034386366,-0.0839958690106845,5,0.5,0.9970703125,1.0,Negligible,,,drugs,0,F1_CV
GPT-Law,Hybrid-Full,11,-0.020846076407458513,-0.5031287708859812,4,0.94921875,0.9970703125,1.0,Medium,,,drugs,0,F1_CV
Raw-Facts,Manual,11,-0.05335999864092564,-1.0127975239134261,1,0.9970703125,0.9970703125,1.0,Large,,,drugs,0,F1_CV
Raw-Facts,GPT-Schema,11,-0.0018202828777569393,-0.03292364645767844,6,0.4228515625,0.9970703125,1.0,Negligible,,,drugs,0,F1_CV
Raw-Facts,GPT-Free,11,-0.014555377152245247,-0.44797896524686803,4,0.8984375,0.9970703125,1.0,Small,,,drugs,0,F1_CV
Raw-Facts,GPT-Law,11,-0.01222622165772153,-0.36084895483785784,3,0.8623046875,0.9970703125,1.0,Small,,,drugs,0,F1_CV
Raw-Facts,Hybrid-Manual,11,-0.016116971692107896,-0.31820833885958655,3,0.8623046875,0.9970703125,1.0,Small,,,drugs,0,F1_CV
Raw-Facts,Hybrid-Full,11,-0.03307229806518004,-0.6149564790805092,3,0.96630859375,0.9970703125,1.0,Medium,,,drugs,0,F1_CV
Hybrid-Manual,Manual,11,-0.03724302694881774,-1.096075215957853,1,0.9951171875,0.9951171875,1.0,Large,,,drugs,0,F1_CV
Hybrid-Manual,GPT-Schema,11,0.014296688814350957,0.2146874304522742,7,0.24609375,0.73828125,1.0,Small,,,drugs,0,F1_CV
Hybrid-Manual,GPT-Free,11,0.001561594539862649,0.03641671435676056,6,0.4609375,0.80859375,1.0,Negligible,,,drugs,0,F1_CV
Hybrid-Manual,GPT-Law,11,0.003890750034386366,0.0839958690106845,5,0.5390625,0.80859375,1.0,Negligible,,,drugs,0,F1_CV
Hybrid-Manual,Raw-Facts,11,0.016116971692107896,0.31820833885958655,7,0.1611328125,0.73828125,0.966796875,Small,,,drugs,0,F1_CV
Hybrid-Manual,Hybrid-Full,11,-0.016955326373072146,-0.39863910363610494,4,0.89697265625,0.9951171875,1.0,Small,,,drugs,0,F1_CV
Hybrid-Full,Manual,11,-0.020287700575745592,-0.6872424998886011,3,0.98388671875,0.98388671875,1.0,Medium,,,drugs,0,F1_CV
Hybrid-Full,GPT-Schema,11,0.031252015187423106,0.4404499372120573,6,0.13916015625,0.1669921875,0.8349609375,Small,,,drugs,0,F1_CV
Hybrid-Full,GPT-Free,11,0.018516920912934796,0.4202444515934527,6,0.1201171875,0.1669921875,0.720703125,Small,,,drugs,0,F1_CV
Hybrid-Full,GPT-Law,11,0.020846076407458513,0.5031287708859812,7,0.0615234375,0.1669921875,0.369140625,Medium,,,drugs,0,F1_CV
Hybrid-Full,Raw-Facts,11,0.03307229806518004,0.6149564790805092,8,0.04150390625,0.1669921875,0.2490234375,Medium,,,drugs,0,F1_CV
Hybrid-Full,Hybrid-Manual,11,0.016955326373072146,0.39863910363610494,7,0.1201171875,0.1669921875,0.720703125,Small,,,drugs,0,F1_CV
Manual,GPT-Schema,11,0.01769837763559304,0.45670764485743887,8,0.08740234375,0.08740234375,0.5244140625,Small,,,drugs,1,F1_CV
Manual,GPT-Free,11,0.061627918065016905,1.4766304807692407,10,0.0009765625,0.001953125,0.005859375,Large,✓,✓,drugs,1,F1_CV
Manual,GPT-Law,11,0.07163627955509584,2.3333767397224543,11,0.00048828125,0.00146484375,0.0029296875,Large,✓,✓,drugs,1,F1_CV
Manual,Raw-Facts,11,0.044804770653867,1.147125756005672,9,0.0048828125,0.00732421875,0.029296875,Large,✓,✓,drugs,1,F1_CV
Manual,Hybrid-Manual,11,0.04765642491547808,1.6229658718240965,11,0.00048828125,0.00146484375,0.0029296875,Large,✓,✓,drugs,1,F1_CV
Manual,Hybrid-Full,11,0.045530413065172096,0.9869198942611932,8,0.009765625,0.01171875,0.05859375,Large,✓,,drugs,1,F1_CV
GPT-Schema,Manual,11,-0.01769837763559304,-0.45670764485743887,3,0.92626953125,0.92626953125,1.0,Small,,,drugs,1,F1_CV
GPT-Schema,GPT-Free,11,0.04392954042942387,1.4271400092948967,10,0.0009765625,0.001953125,0.005859375,Large,✓,✓,drugs,1,F1_CV
GPT-Schema,GPT-Law,11,0.053937901919502804,3.2263450291000804,11,0.00048828125,0.00146484375,0.0029296875,Large,✓,✓,drugs,1,F1_CV
GPT-Schema,Raw-Facts,11,0.027106393018273958,1.3747725705698264,11,0.00048828125,0.00146484375,0.0029296875,Large,✓,✓,drugs,1,F1_CV
GPT-Schema,Hybrid-Manual,11,0.029958047279885037,0.802419899785487,8,0.01611328125,0.0193359375,0.0966796875,Large,✓,,drugs,1,F1_CV
GPT-Schema,Hybrid-Full,11,0.027832035429579058,0.915630911781653,8,0.009765625,0.0146484375,0.05859375,Large,✓,,drugs,1,F1_CV
GPT-Free,Manual,11,-0.061627918065016905,-1.4766304807692407,1,0.99951171875,0.99951171875,1.0,Large,,,drugs,1,F1_CV
GPT-Free,GPT-Schema,11,-0.04392954042942387,-1.4271400092948967,1,0.99951171875,0.99951171875,1.0,Large,,,drugs,1,F1_CV
GPT-Free,GPT-Law,11,0.010008361490078938,0.32536814029352196,6,0.232421875,0.99951171875,1.0,Small,,,drugs,1,F1_CV
GPT-Free,Raw-Facts,11,-0.016823147411149906,-0.4403191020364521,3,0.9384765625,0.99951171875,1.0,Small,,,drugs,1,F1_CV
GPT-Free,Hybrid-Manual,11,-0.013971493149538827,-0.399272894470863,4,0.86083984375,0.99951171875,1.0,Small,,,drugs,1,F1_CV
GPT-Free,Hybrid-Full,11,-0.016097504999844806,-0.4448626764139652,3,0.94921875,0.99951171875,1.0,Small,,,drugs,1,F1_CV
GPT-Law,Manual,11,-0.07163627955509584,-2.3333767397224543,0,1.0,1.0,1.0,Large,,,drugs,1,F1_CV
GPT-Law,GPT-Schema,11,-0.053937901919502804,-3.2263450291000804,0,1.0,1.0,1.0,Large,,,drugs,1,F1_CV
GPT-Law,GPT-Free,11,-0.010008361490078938,-0.32536814029352196,5,0.79345703125,1.0,1.0,Small,,,drugs,1,F1_CV
GPT-Law,Raw-Facts,11,-0.026831508901228842,-1.3196345590223209,1,0.9990234375,1.0,1.0,Large,,,drugs,1,F1_CV
GPT-Law,Hybrid-Manual,11,-0.023979854639617767,-0.8198422435686445,2,0.98388671875,1.0,1.0,Large,,,drugs,1,F1_CV
GPT-Law,Hybrid-Full,11,-0.026105866489923746,-0.9998346070064819,1,0.99658203125,1.0,1.0,Large,,,drugs,1,F1_CV
Raw-Facts,Manual,11,-0.044804770653867,-1.147125756005672,2,0.99658203125,1.0,1.0,Large,,,drugs,1,F1_CV
Raw-Facts,GPT-Schema,11,-0.027106393018273958,-1.3747725705698264,0,1.0,1.0,1.0,Large,,,drugs,1,F1_CV
Raw-Facts,GPT-Free,11,0.016823147411149906,0.4403191020364521,8,0.07373046875,0.22119140625,0.4423828125,Small,,,drugs,1,F1_CV
Raw-Facts,GPT-Law,11,0.026831508901228842,1.3196345590223209,10,0.00146484375,0.0087890625,0.0087890625,Large,✓,✓,drugs,1,F1_CV
Raw-Facts,Hybrid-Manual,11,0.0028516542616110778,0.07014990153838364,6,0.44921875,0.8984375,1.0,Negligible,,,drugs,1,F1_CV
Raw-Facts,Hybrid-Full,11,0.0007256424113050972,0.02076908878016634,3,0.65234375,0.978515625,1.0,Negligible,,,drugs,1,F1_CV
Hybrid-Manual,Manual,11,-0.04765642491547808,-1.6229658718240965,0,1.0,1.0,1.0,Large,,,drugs,1,F1_CV
Hybrid-Manual,GPT-Schema,11,-0.029958047279885037,-0.802419899785487,3,0.98779296875,1.0,1.0,Large,,,drugs,1,F1_CV
Hybrid-Manual,GPT-Free,11,0.013971493149538827,0.399272894470863,7,0.16015625,0.48046875,0.9609375,Small,,,drugs,1,F1_CV
Hybrid-Manual,GPT-Law,11,0.023979854639617767,0.8198422435686445,9,0.02099609375,0.1259765625,0.1259765625,Large,,,drugs,1,F1_CV
Hybrid-Manual,Raw-Facts,11,-0.0028516542616110778,-0.07014990153838364,5,0.58447265625,0.876708984375,1.0,Negligible,,,drugs,1,F1_CV
Hybrid-Manual,Hybrid-Full,11,-0.0021260118503059807,-0.06120504529981776,6,0.58447265625,0.876708984375,1.0,Negligible,,,drugs,1,F1_CV
Hybrid-Full,Manual,11,-0.045530413065172096,-0.9869198942611932,2,0.9931640625,0.9931640625,1.0,Large,,,drugs,1,F1_CV
Hybrid-Full,GPT-Schema,11,-0.027832035429579058,-0.915630911781653,2,0.9931640625,0.9931640625,1.0,Large,,,drugs,1,F1_CV
Hybrid-Full,GPT-Free,11,0.016097504999844806,0.4448626764139652,8,0.0615234375,0.1845703125,0.369140625,Small,,,drugs,1,F1_CV
Hybrid-Full,GPT-Law,11,0.026105866489923746,0.9998346070064819,10,0.0048828125,0.029296875,0.029296875,Large,✓,✓,drugs,1,F1_CV
Hybrid-Full,Raw-Facts,11,-0.0007256424113050972,-0.02076908878016634,7,0.384765625,0.673828125,1.0,Negligible,,,drugs,1,F1_CV
Hybrid-Full,Hybrid-Manual,11,0.0021260118503059807,0.06120504529981776,5,0.44921875,0.673828125,1.0,Negligible,,,drugs,1,F1_CV
Manual,GPT-Schema,11,0.02860236819216535,0.6550612802571144,7,0.03369140625,0.0404296875,0.2021484375,Medium,✓,,weapon,0,F1_CV
Manual,GPT-Free,11,0.06334834962783677,1.2510803692718813,10,0.00244140625,0.0146484375,0.0146484375,Large,✓,✓,weapon,0,F1_CV
Manual,GPT-Law,11,0.053148813752882426,0.9593675208613922,10,0.0068359375,0.0205078125,0.041015625,Large,✓,✓,weapon,0,F1_CV
Manual,Raw-Facts,11,0.044415931236195964,0.5777704013934469,9,0.02685546875,0.040283203125,0.1611328125,Medium,✓,,weapon,0,F1_CV
Manual,Hybrid-Manual,11,0.03668520317433099,0.6367192991569007,7,0.02099609375,0.040283203125,0.1259765625,Medium,✓,,weapon,0,F1_CV
Manual,Hybrid-Full,11,0.023391408037996695,0.5521982185246191,6,0.08740234375,0.08740234375,0.5244140625,Medium,,,weapon,0,F1_CV
GPT-Schema,Manual,11,-0.02860236819216535,-0.6550612802571144,4,0.97314453125,0.97314453125,1.0,Medium,,,weapon,0,F1_CV
GPT-Schema,GPT-Free,11,0.03474598143567142,1.0675411156905439,10,0.00341796875,0.0205078125,0.0205078125,Large,✓,✓,weapon,0,F1_CV
GPT-Schema,GPT-Law,11,0.024546445560717077,0.6515070063446015,7,0.04150390625,0.12451171875,0.2490234375,Medium,,,weapon,0,F1_CV
GPT-Schema,Raw-Facts,11,0.01581356304403062,0.2894452729272435,8,0.1201171875,0.240234375,0.720703125,Small,,,weapon,0,F1_CV
GPT-Schema,Hybrid-Manual,11,0.008082834982165636,0.12614281204140407,4,0.5,0.7013671874999999,1.0,Negligible,,,weapon,0,F1_CV
GPT-Schema,Hybrid-Full,11,-0.005210960154168654,-0.13108527743725082,6,0.58447265625,0.7013671874999999,1.0,Negligible,,,weapon,0,F1_CV
GPT-Free,Manual,11,-0.06334834962783677,-1.2510803692718813,1,0.99853515625,0.99853515625,1.0,Large,,,weapon,0,F1_CV
GPT-Free,GPT-Schema,11,-0.03474598143567142,-1.0675411156905439,1,0.99755859375,0.99853515625,1.0,Large,,,weapon,0,F1_CV
GPT-Free,GPT-Law,11,-0.010199535874954339,-0.22872463297516657,4,0.740234375,0.99853515625,1.0,Small,,,weapon,0,F1_CV
GPT-Free,Raw-Facts,11,-0.018932418391640796,-0.33750745052325437,3,0.91259765625,0.99853515625,1.0,Small,,,weapon,0,F1_CV
GPT-Free,Hybrid-Manual,11,-0.02666314645350578,-0.43225789973526507,4,0.92626953125,0.99853515625,1.0,Small,,,weapon,0,F1_CV
GPT-Free,Hybrid-Full,11,-0.03995694158984007,-1.1453372908431307,1,0.99658203125,0.99853515625,1.0,Large,,,weapon,0,F1_CV
GPT-Law,Manual,11,-0.053148813752882426,-0.9593675208613922,1,0.9951171875,0.9951171875,1.0,Large,,,weapon,0,F1_CV
GPT-Law,GPT-Schema,11,-0.024546445560717077,-0.6515070063446015,4,0.96630859375,0.9951171875,1.0,Medium,,,weapon,0,F1_CV
GPT-Law,GPT-Free,11,0.010199535874954339,0.22872463297516657,7,0.28857421875,0.9951171875,1.0,Small,,,weapon,0,F1_CV
GPT-Law,Raw-Facts,11,-0.008732882516686458,-0.1492957794861496,6,0.71142578125,0.9951171875,1.0,Negligible,,,weapon,0,F1_CV
GPT-Law,Hybrid-Manual,11,-0.016463610578551443,-0.30933731105509515,5,0.83984375,0.9951171875,1.0,Small,,,weapon,0,F1_CV
GPT-Law,Hybrid-Full,11,-0.02975740571488573,-0.5834435917324581,4,0.96630859375,0.9951171875,1.0,Medium,,,weapon,0,F1_CV
Raw-Facts,Manual,11,-0.044415931236195964,-0.5777704013934469,2,0.97900390625,0.97900390625,1.0,Medium,,,weapon,0,F1_CV
Raw-Facts,GPT-Schema,11,-0.01581356304403062,-0.2894452729272435,3,0.89697265625,0.97900390625,1.0,Small,,,weapon,0,F1_CV
Raw-Facts,GPT-Free,11,0.018932418391640796,0.33750745052325437,8,0.10302734375,0.6181640625,0.6181640625,Small,,,weapon,0,F1_CV
Raw-Facts,GPT-Law,11,0.008732882516686458,0.1492957794861496,5,0.31884765625,0.95654296875,1.0,Negligible,,,weapon,0,F1_CV
Raw-Facts,Hybrid-Manual,11,-0.007730728061864983,-0.11526904774623714,6,0.61767578125,0.97900390625,1.0,Negligible,,,weapon,0,F1_CV
Raw-Facts,Hybrid-Full,11,-0.021024523198199273,-0.3135432079078637,3,0.89697265625,0.97900390625,1.0,Small,,,weapon,0,F1_CV
Hybrid-Manual,Manual,11,-0.03668520317433099,-0.6367192991569007,4,0.98388671875,0.98388671875,1.0,Medium,,,weapon,0,F1_CV
Hybrid-Manual,GPT-Schema,11,-0.008082834982165636,-0.12614281204140407,6,0.5390625,0.80859375,1.0,Negligible,,,weapon,0,F1_CV
Hybrid-Manual,GPT-Free,11,0.02666314645350578,0.43225789973526507,7,0.08740234375,0.5244140625,0.5244140625,Small,,,weapon,0,F1_CV
Hybrid-Manual,GPT-Law,11,0.016463610578551443,0.30933731105509515,6,0.1826171875,0.5478515625,1.0,Small,,,weapon,0,F1_CV
Hybrid-Manual,Raw-Facts,11,0.007730728061864983,0.11526904774623714,5,0.41552734375,0.80859375,1.0,Negligible,,,weapon,0,F1_CV
Hybrid-Manual,Hybrid-Full,11,-0.01329379513633429,-0.24524993787089938,5,0.8173828125,0.980859375,1.0,Small,,,weapon,0,F1_CV
Hybrid-Full,Manual,11,-0.023391408037996695,-0.5521982185246191,5,0.92626953125,0.92626953125,1.0,Medium,,,weapon,0,F1_CV
Hybrid-Full,GPT-Schema,11,0.005210960154168654,0.13108527743725082,5,0.44921875,0.5390625,1.0,Negligible,,,weapon,0,F1_CV
Hybrid-Full,GPT-Free,11,0.03995694158984007,1.1453372908431307,10,0.0048828125,0.029296875,0.029296875,Large,✓,✓,weapon,0,F1_CV
Hybrid-Full,GPT-Law,11,0.02975740571488573,0.5834435917324581,7,0.04150390625,0.12451171875,0.2490234375,Medium,,,weapon,0,F1_CV
Hybrid-Full,Raw-Facts,11,0.021024523198199273,0.3135432079078637,8,0.1201171875,0.240234375,0.720703125,Small,,,weapon,0,F1_CV
Hybrid-Full,Hybrid-Manual,11,0.01329379513633429,0.24524993787089938,6,0.20654296875,0.309814453125,1.0,Small,,,weapon,0,F1_CV
Manual,GPT-Schema,11,0.027433790210717398,0.7848560008323318,9,0.01220703125,0.018310546875,0.0732421875,Medium,✓,,weapon,1,F1_CV
Manual,GPT-Free,11,0.04321871569329452,1.7451649099569486,11,0.00048828125,0.0029296875,0.0029296875,Large,✓,✓,weapon,1,F1_CV
Manual,GPT-Law,11,0.03524964826821681,1.209985198196414,10,0.0009765625,0.0029296875,0.005859375,Large,✓,✓,weapon,1,F1_CV
Manual,Raw-Facts,11,0.04263991938451575,0.9119666267567602,8,0.00927734375,0.018310546875,0.0556640625,Large,✓,,weapon,1,F1_CV
Manual,Hybrid-Manual,11,0.022823765510922165,0.5720458424855691,8,0.03369140625,0.0404296875,0.2021484375,Medium,✓,,weapon,1,F1_CV
Manual,Hybrid-Full,11,0.007524285607713596,0.246635100483029,6,0.259765625,0.259765625,1.0,Small,,,weapon,1,F1_CV
GPT-Schema,Manual,11,-0.027433790210717398,-0.7848560008323318,2,0.99072265625,0.99072265625,1.0,Medium,,,weapon,1,F1_CV
GPT-Schema,GPT-Free,11,0.01578492548257712,0.38610876319024806,9,0.07373046875,0.4423828125,0.4423828125,Small,,,weapon,1,F1_CV
GPT-Schema,GPT-Law,11,0.007815858057499413,0.20832469300268777,7,0.38232421875,0.7646484375,1.0,Small,,,weapon,1,F1_CV
GPT-Schema,Raw-Facts,11,0.015206129173798356,0.24489748403631115,5,0.31884765625,0.7646484375,1.0,Small,,,weapon,1,F1_CV
GPT-Schema,Hybrid-Manual,11,-0.004610024699795232,-0.12322786995596843,5,0.71142578125,0.99072265625,1.0,Negligible,,,weapon,1,F1_CV
GPT-Schema,Hybrid-Full,11,-0.0199095046030038,-0.3716515278942564,2,0.94921875,0.99072265625,1.0,Small,,,weapon,1,F1_CV
GPT-Free,Manual,11,-0.04321871569329452,-1.7451649099569486,0,1.0,1.0,1.0,Large,,,weapon,1,F1_CV
GPT-Free,GPT-Schema,11,-0.01578492548257712,-0.38610876319024806,2,0.9384765625,1.0,1.0,Small,,,weapon,1,F1_CV
GPT-Free,GPT-Law,11,-0.007969067425077707,-0.21687793183457876,3,0.86083984375,1.0,1.0,Small,,,weapon,1,F1_CV
GPT-Free,Raw-Facts,11,-0.0005787963087787628,-0.01047965159614308,6,0.41552734375,1.0,1.0,Negligible,,,weapon,1,F1_CV
GPT-Free,Hybrid-Manual,11,-0.020394950182372352,-0.5760245015428036,4,0.92626953125,1.0,1.0,Medium,,,weapon,1,F1_CV
GPT-Free,Hybrid-Full,11,-0.035694430085580924,-0.9600192217689744,2,0.9951171875,1.0,1.0,Large,,,weapon,1,F1_CV
GPT-Law,Manual,11,-0.03524964826821681,-1.209985198196414,1,0.99951171875,0.99951171875,1.0,Large,,,weapon,1,F1_CV
GPT-Law,GPT-Schema,11,-0.007815858057499413,-0.20832469300268777,4,0.64990234375,0.99951171875,1.0,Small,,,weapon,1,F1_CV
GPT-Law,GPT-Free,11,0.007969067425077707,0.21687793183457876,8,0.16015625,0.9609375,0.9609375,Small,,,weapon,1,F1_CV
GPT-Law,Raw-Facts,11,0.007390271116298944,0.16680841624866188,5,0.41552734375,0.99951171875,1.0,Negligible,,,weapon,1,F1_CV
GPT-Law,Hybrid-Manual,11,-0.012425882757294645,-0.31863675527558366,5,0.8173828125,0.99951171875,1.0,Small,,,weapon,1,F1_CV
GPT-Law,Hybrid-Full,11,-0.027725362660503215,-0.8562060797723737,3,0.99072265625,0.99951171875,1.0,Large,,,weapon,1,F1_CV
Raw-Facts,Manual,11,-0.04263991938451575,-0.9119666267567602,3,0.9931640625,0.99951171875,1.0,Large,,,weapon,1,F1_CV
Raw-Facts,GPT-Schema,11,-0.015206129173798356,-0.24489748403631115,6,0.71142578125,0.99951171875,1.0,Small,,,weapon,1,F1_CV
Raw-Facts,GPT-Free,11,0.0005787963087787628,0.01047965159614308,5,0.61767578125,0.99951171875,1.0,Negligible,,,weapon,1,F1_CV
Raw-Facts,GPT-Law,11,-0.007390271116298944,-0.16680841624866188,6,0.61767578125,0.99951171875,1.0,Negligible,,,weapon,1,F1_CV
Raw-Facts,Hybrid-Manual,11,-0.01981615387359359,-0.32819749185156394,4,0.86083984375,0.99951171875,1.0,Small,,,weapon,1,F1_CV
Raw-Facts,Hybrid-Full,11,-0.03511563377680216,-1.1379568961310613,1,0.99951171875,0.99951171875,1.0,Large,,,weapon,1,F1_CV
Hybrid-Manual,Manual,11,-0.022823765510922165,-0.5720458424855691,3,0.97314453125,0.97314453125,1.0,Medium,,,weapon,1,F1_CV
Hybrid-Manual,GPT-Schema,11,0.004610024699795232,0.12322786995596843,6,0.31884765625,0.478271484375,1.0,Negligible,,,weapon,1,F1_CV
Hybrid-Manual,GPT-Free,11,0.020394950182372352,0.5760245015428036,7,0.08740234375,0.4130859375,0.5244140625,Medium,,,weapon,1,F1_CV
Hybrid-Manual,GPT-Law,11,0.012425882757294645,0.31863675527558366,6,0.20654296875,0.4130859375,1.0,Small,,,weapon,1,F1_CV
Hybrid-Manual,Raw-Facts,11,0.01981615387359359,0.32819749185156394,7,0.16015625,0.4130859375,0.9609375,Small,,,weapon,1,F1_CV
Hybrid-Manual,Hybrid-Full,11,-0.015299479903208568,-0.346479125019105,3,0.8798828125,0.97314453125,1.0,Small,,,weapon,1,F1_CV
Hybrid-Full,Manual,11,-0.007524285607713596,-0.246635100483029,5,0.767578125,0.767578125,1.0,Small,,,weapon,1,F1_CV
Hybrid-Full,GPT-Schema,11,0.0199095046030038,0.3716515278942564,9,0.0615234375,0.09228515625,0.369140625,Small,,,weapon,1,F1_CV
Hybrid-Full,GPT-Free,11,0.035694430085580924,0.9600192217689744,9,0.0068359375,0.0205078125,0.041015625,Large,✓,✓,weapon,1,F1_CV
Hybrid-Full,GPT-Law,11,0.027725362660503215,0.8562060797723737,8,0.01220703125,0.0244140625,0.0732421875,Large,✓,,weapon,1,F1_CV
Hybrid-Full,Raw-Facts,11,0.03511563377680216,1.1379568961310613,10,0.0009765625,0.005859375,0.005859375,Large,✓,✓,weapon,1,F1_CV
Hybrid-Full,Hybrid-Manual,11,0.015299479903208568,0.346479125019105,8,0.13916015625,0.1669921875,0.8349609375,Small,,,weapon,1,F1_CV
