rep,domain,target,coverage,risk
Hybrid-Full,drugs,low,0.0006242197253433209,0.0
Hybrid-Full,drugs,low,0.010611735330836454,2.1930527426770166
Hybrid-Full,drugs,low,0.020599250936329586,2.4637326964739352
Hybrid-Full,drugs,low,0.03058676654182272,2.18992936901013
Hybrid-Full,drugs,low,0.04057428214731586,2.2810327032950304
Hybrid-Full,drugs,low,0.05056179775280899,2.344691883211271
Hybrid-Full,drugs,low,0.06117353308364544,2.4420684214806183
Hybrid-Full,drugs,low,0.07116104868913857,2.509962664241065
Hybrid-Full,drugs,low,0.08114856429463171,2.5977429112556036
Hybrid-Full,drugs,low,0.09113607990012484,2.6331662974496295
Hybrid-Full,drugs,low,0.10112359550561797,2.6239514156427806
Hybrid-Full,drugs,low,0.1111111111111111,2.5539472715624827
Hybrid-Full,drugs,low,0.12172284644194757,2.6202408478274473
Hybrid-Full,drugs,low,0.1317103620474407,2.621108926436126
Hybrid-Full,drugs,low,0.14169787765293385,2.588657336925684
Hybrid-Full,drugs,low,0.15168539325842698,2.6089706854271446
Hybrid-Full,drugs,low,0.1616729088639201,2.641912152616188
Hybrid-Full,drugs,low,0.17166042446941324,2.7291820350492877
Hybrid-Full,drugs,low,0.1822721598002497,2.7184268760203216
Hybrid-Full,drugs,low,0.19225967540574282,2.7208034063495043
Hybrid-Full,drugs,low,0.20224719101123595,2.8642633534840987
Hybrid-Full,drugs,low,0.21223470661672908,2.908105150724237
Hybrid-Full,drugs,low,0.2222222222222222,2.8780439547948076
Hybrid-Full,drugs,low,0.23220973782771537,2.9065710579496242
Hybrid-Full,drugs,low,0.24282147315855182,2.919392552493236
Hybrid-Full,drugs,low,0.25280898876404495,2.9274913939527054
Hybrid-Full,drugs,low,0.26279650436953805,2.9239681668625304
Hybrid-Full,drugs,low,0.2727840199750312,2.9461975862938066
Hybrid-Full,drugs,low,0.28277153558052437,2.953679870159431
Hybrid-Full,drugs,low,0.29275905118601747,2.972127605533666
Hybrid-Full,drugs,low,0.30337078651685395,2.984498770270118
Hybrid-Full,drugs,low,0.31335830212234705,2.9973464453226235
Hybrid-Full,drugs,low,0.3233458177278402,2.984857861153922
Hybrid-Full,drugs,low,0.3333333333333333,2.9991977689050864
Hybrid-Full,drugs,low,0.3433208489388265,3.0155611120131063
Hybrid-Full,drugs,low,0.3539325842696629,3.015970239076474
Hybrid-Full,drugs,low,0.36392009987515606,3.0426712947773993
Hybrid-Full,drugs,low,0.3739076154806492,3.0690021997733603
Hybrid-Full,drugs,low,0.3838951310861423,3.1141550697277265
Hybrid-Full,drugs,low,0.3938826466916355,3.1130279219805765
Hybrid-Full,drugs,low,0.4038701622971286,3.1251621839840293
Hybrid-Full,drugs,low,0.41448189762796506,3.1486856897493367
Hybrid-Full,drugs,low,0.42446941323345816,3.1558341308257045
Hybrid-Full,drugs,low,0.4344569288389513,3.180695409565999
Hybrid-Full,drugs,low,0.4444444444444444,3.2011306582159866
Hybrid-Full,drugs,low,0.4544319600499376,3.2176515702086594
Hybrid-Full,drugs,low,0.46441947565543074,3.2970451101924168
Hybrid-Full,drugs,low,0.47503121098626716,3.30052026304077
Hybrid-Full,drugs,low,0.4850187265917603,3.3004992538323994
Hybrid-Full,drugs,low,0.4950062421972534,3.3138802805729233
Hybrid-Full,drugs,low,0.5049937578027466,3.3143056960791992
Hybrid-Full,drugs,low,0.5149812734082397,3.3428808118635627
Hybrid-Full,drugs,low,0.5249687890137328,3.3695396129553976
Hybrid-Full,drugs,low,0.5355805243445693,3.411023977193172
Hybrid-Full,drugs,low,0.5455680399500624,3.4460511568629526
Hybrid-Full,drugs,low,0.5555555555555556,3.466073655431783
Hybrid-Full,drugs,low,0.5655430711610487,3.514782429099362
Hybrid-Full,drugs,low,0.5755305867665418,3.558207395711977
Hybrid-Full,drugs,low,0.5855181023720349,3.568059995483369
Hybrid-Full,drugs,low,0.5961298377028714,3.603866998755559
Hybrid-Full,drugs,low,0.6061173533083646,3.6190862120886984
Hybrid-Full,drugs,low,0.6161048689138576,3.6608828367817
Hybrid-Full,drugs,low,0.6260923845193508,3.7517001831662187
Hybrid-Full,drugs,low,0.6360799001248439,3.760701863026063
Hybrid-Full,drugs,low,0.6460674157303371,3.7954898561613395
Hybrid-Full,drugs,low,0.6566791510611736,3.8326345053106086
Hybrid-Full,drugs,low,0.6666666666666666,3.9139072422581798
Hybrid-Full,drugs,low,0.6766541822721598,3.942844953256474
Hybrid-Full,drugs,low,0.686641697877653,3.984911350447021
Hybrid-Full,drugs,low,0.6966292134831461,4.038302630312802
Hybrid-Full,drugs,low,0.7072409488139825,4.076758470877723
Hybrid-Full,drugs,low,0.7172284644194756,4.09181570697513
Hybrid-Full,drugs,low,0.7272159800249688,4.119865949616138
Hybrid-Full,drugs,low,0.737203495630462,4.144404661515067
Hybrid-Full,drugs,low,0.7471910112359551,4.158414129472424
Hybrid-Full,drugs,low,0.7571785268414482,4.186027538628355
Hybrid-Full,drugs,low,0.7677902621722846,4.200987890051877
Hybrid-Full,drugs,low,0.7777777777777778,4.232415355672527
Hybrid-Full,drugs,low,0.787765293383271,4.258731065730362
Hybrid-Full,drugs,low,0.797752808988764,4.278284638480129
Hybrid-Full,drugs,low,0.8077403245942572,4.299169476092166
Hybrid-Full,drugs,low,0.8177278401997503,4.341097033735968
Hybrid-Full,drugs,low,0.8283395755305868,4.437973145592216
Hybrid-Full,drugs,low,0.83832709113608,4.486927659795014
Hybrid-Full,drugs,low,0.848314606741573,4.5381197838703455
Hybrid-Full,drugs,low,0.8583021223470662,4.582498554691899
Hybrid-Full,drugs,low,0.8682896379525593,4.61768048372497
Hybrid-Full,drugs,low,0.8782771535580525,4.669916302980846
Hybrid-Full,drugs,low,0.8888888888888888,4.66880105095086
Hybrid-Full,drugs,low,0.898876404494382,4.701561239813161
Hybrid-Full,drugs,low,0.9088639200998752,4.743301880047481
Hybrid-Full,drugs,low,0.9188514357053683,4.779743448800502
Hybrid-Full,drugs,low,0.9288389513108615,4.824086361796341
Hybrid-Full,drugs,low,0.9388264669163545,4.86293467002907
Hybrid-Full,drugs,low,0.949438202247191,4.887722365640647
Hybrid-Full,drugs,low,0.9594257178526842,4.9241394874798745
Hybrid-Full,drugs,low,0.9694132334581773,4.973410138606298
Hybrid-Full,drugs,low,0.9794007490636704,5.075854024434466
Hybrid-Full,drugs,low,0.9893882646691635,5.147207997546126
Hybrid-Full,drugs,low,1.0,5.218872205141464
Hybrid-Full,drugs,high,0.0006242197253433209,4.0
Hybrid-Full,drugs,high,0.010611735330836454,3.199573443726636
Hybrid-Full,drugs,high,0.020599250936329586,3.6660083817547595
Hybrid-Full,drugs,high,0.03058676654182272,3.3318424929599613
Hybrid-Full,drugs,high,0.04057428214731586,3.581549509706177
Hybrid-Full,drugs,high,0.05056179775280899,3.8032772680059845
Hybrid-Full,drugs,high,0.06117353308364544,4.012236935286985
Hybrid-Full,drugs,high,0.07116104868913857,4.015311953746518
Hybrid-Full,drugs,high,0.08114856429463171,3.9924733819274656
Hybrid-Full,drugs,high,0.09113607990012484,4.066202518535023
Hybrid-Full,drugs,high,0.10112359550561797,4.023680040767433
Hybrid-Full,drugs,high,0.1111111111111111,3.931547479562912
Hybrid-Full,drugs,high,0.12172284644194757,4.006766589643132
Hybrid-Full,drugs,high,0.1317103620474407,4.005935250101861
Hybrid-Full,drugs,high,0.14169787765293385,3.91098390394711
Hybrid-Full,drugs,high,0.15168539325842698,3.952947653542701
Hybrid-Full,drugs,high,0.1616729088639201,4.013658372218415
Hybrid-Full,drugs,high,0.17166042446941324,4.14343121904808
Hybrid-Full,drugs,high,0.1822721598002497,4.189949913570538
Hybrid-Full,drugs,high,0.19225967540574282,4.266299218878226
Hybrid-Full,drugs,high,0.20224719101123595,4.4417474207889045
Hybrid-Full,drugs,high,0.21223470661672908,4.422891773572404
Hybrid-Full,drugs,high,0.2222222222222222,4.451631795787781
Hybrid-Full,drugs,high,0.23220973782771537,4.4471193870163335
Hybrid-Full,drugs,high,0.24282147315855182,4.471116120088677
Hybrid-Full,drugs,high,0.25280898876404495,4.533497185627477
Hybrid-Full,drugs,high,0.26279650436953805,4.477078429221948
Hybrid-Full,drugs,high,0.2727840199750312,4.517898506915105
Hybrid-Full,drugs,high,0.28277153558052437,4.576256950590892
Hybrid-Full,drugs,high,0.29275905118601747,4.55179215396384
Hybrid-Full,drugs,high,0.30337078651685395,4.573103282775423
Hybrid-Full,drugs,high,0.31335830212234705,4.578713663306853
Hybrid-Full,drugs,high,0.3233458177278402,4.561500176827671
Hybrid-Full,drugs,high,0.3333333333333333,4.582552353770519
Hybrid-Full,drugs,high,0.3433208489388265,4.624076656690412
Hybrid-Full,drugs,high,0.3539325842696629,4.661261194334884
Hybrid-Full,drugs,high,0.36392009987515606,4.702179679460854
Hybrid-Full,drugs,high,0.3739076154806492,4.763072647156639
Hybrid-Full,drugs,high,0.3838951310861423,4.787214230431736
Hybrid-Full,drugs,high,0.3938826466916355,4.818056903804669
Hybrid-Full,drugs,high,0.4038701622971286,4.817028410355641
Hybrid-Full,drugs,high,0.41448189762796506,4.841280048748748
Hybrid-Full,drugs,high,0.42446941323345816,4.848072078001473
Hybrid-Full,drugs,high,0.4344569288389513,4.870754368384864
Hybrid-Full,drugs,high,0.4444444444444444,4.881001516782748
Hybrid-Full,drugs,high,0.4544319600499376,4.927399067078017
Hybrid-Full,drugs,high,0.46441947565543074,5.03784133654496
Hybrid-Full,drugs,high,0.47503121098626716,5.062897778244434
Hybrid-Full,drugs,high,0.4850187265917603,5.071431483042952
Hybrid-Full,drugs,high,0.4950062421972534,5.06500468948046
Hybrid-Full,drugs,high,0.5049937578027466,5.10507796968157
Hybrid-Full,drugs,high,0.5149812734082397,5.09971123868321
Hybrid-Full,drugs,high,0.5249687890137328,5.131361173959819
Hybrid-Full,drugs,high,0.5355805243445693,5.190192678035202
Hybrid-Full,drugs,high,0.5455680399500624,5.2208404076954
Hybrid-Full,drugs,high,0.5555555555555556,5.255892987148811
Hybrid-Full,drugs,high,0.5655430711610487,5.336462438213426
Hybrid-Full,drugs,high,0.5755305867665418,5.389460892904516
Hybrid-Full,drugs,high,0.5855181023720349,5.414953973065844
Hybrid-Full,drugs,high,0.5961298377028714,5.479467139417715
Hybrid-Full,drugs,high,0.6061173533083646,5.523724483893933
Hybrid-Full,drugs,high,0.6161048689138576,5.527181946412138
Hybrid-Full,drugs,high,0.6260923845193508,5.665052715779433
Hybrid-Full,drugs,high,0.6360799001248439,5.6650895506426755
Hybrid-Full,drugs,high,0.6460674157303371,5.704357574626421
Hybrid-Full,drugs,high,0.6566791510611736,5.7571076065862625
Hybrid-Full,drugs,high,0.6666666666666666,5.872103761733996
Hybrid-Full,drugs,high,0.6766541822721598,5.926773190785671
Hybrid-Full,drugs,high,0.686641697877653,5.990467121563619
Hybrid-Full,drugs,high,0.6966292134831461,6.075901329546561
Hybrid-Full,drugs,high,0.7072409488139825,6.161400019389784
Hybrid-Full,drugs,high,0.7172284644194756,6.188122639211203
Hybrid-Full,drugs,high,0.7272159800249688,6.23149165724328
Hybrid-Full,drugs,high,0.737203495630462,6.252119000453027
Hybrid-Full,drugs,high,0.7471910112359551,6.257166451959735
Hybrid-Full,drugs,high,0.7571785268414482,6.300816737516385
Hybrid-Full,drugs,high,0.7677902621722846,6.319314156364616
Hybrid-Full,drugs,high,0.7777777777777778,6.375646818612194
Hybrid-Full,drugs,high,0.787765293383271,6.393481659277055
Hybrid-Full,drugs,high,0.797752808988764,6.423796072116117
Hybrid-Full,drugs,high,0.8077403245942572,6.4761785062490365
Hybrid-Full,drugs,high,0.8177278401997503,6.561830329307469
Hybrid-Full,drugs,high,0.8283395755305868,6.6787679244416
Hybrid-Full,drugs,high,0.83832709113608,6.772605064878379
Hybrid-Full,drugs,high,0.848314606741573,6.843286950408699
Hybrid-Full,drugs,high,0.8583021223470662,6.911475900139617
Hybrid-Full,drugs,high,0.8682896379525593,6.970533414465009
Hybrid-Full,drugs,high,0.8782771535580525,7.049508495619103
Hybrid-Full,drugs,high,0.8888888888888888,7.073899723097976
Hybrid-Full,drugs,high,0.898876404494382,7.15754526307802
Hybrid-Full,drugs,high,0.9088639200998752,7.235811714352459
Hybrid-Full,drugs,high,0.9188514357053683,7.29630035573989
Hybrid-Full,drugs,high,0.9288389513108615,7.391397513902059
Hybrid-Full,drugs,high,0.9388264669163545,7.508542922206284
Hybrid-Full,drugs,high,0.949438202247191,7.551178055281158
Hybrid-Full,drugs,high,0.9594257178526842,7.603054785216058
Hybrid-Full,drugs,high,0.9694132334581773,7.684098647357765
Hybrid-Full,drugs,high,0.9794007490636704,7.834478708617673
Hybrid-Full,drugs,high,0.9893882646691635,7.929124765073867
Hybrid-Full,drugs,high,1.0,8.05044540476305
Hybrid-Full,weapon,low,0.0013404825737265416,0.0
Hybrid-Full,weapon,low,0.010723860589812333,2.006750626954328
Hybrid-Full,weapon,low,0.021447721179624665,2.469107655618411
Hybrid-Full,weapon,low,0.030831099195710455,2.24754396306335
Hybrid-Full,weapon,low,0.04155495978552279,2.207563526641516
Hybrid-Full,weapon,low,0.05093833780160858,2.22265570822499
Hybrid-Full,weapon,low,0.06166219839142091,2.108156516442577
Hybrid-Full,weapon,low,0.07104557640750671,2.587012334455141
Hybrid-Full,weapon,low,0.08176943699731903,2.4354968338338896
Hybrid-Full,weapon,low,0.09115281501340483,2.7374361626425854
Hybrid-Full,weapon,low,0.10187667560321716,2.7925335427274494
Hybrid-Full,weapon,low,0.11126005361930295,2.7630954785408237
Hybrid-Full,weapon,low,0.12198391420911528,2.753908281910677
Hybrid-Full,weapon,low,0.13136729222520108,2.6871857110460606
Hybrid-Full,weapon,low,0.14209115281501342,2.564599734904011
Hybrid-Full,weapon,low,0.15147453083109919,2.7647077896457253
Hybrid-Full,weapon,low,0.16219839142091153,2.783946991033964
Hybrid-Full,weapon,low,0.17158176943699732,2.741626825289806
Hybrid-Full,weapon,low,0.18230563002680966,2.799095343812217
Hybrid-Full,weapon,low,0.19168900804289543,2.785301077160259
Hybrid-Full,weapon,low,0.20241286863270777,2.7816373731899757
Hybrid-Full,weapon,low,0.2131367292225201,2.7977783859899525
Hybrid-Full,weapon,low,0.2225201072386059,2.8270288688796072
Hybrid-Full,weapon,low,0.23324396782841822,2.841796694917364
Hybrid-Full,weapon,low,0.24262734584450402,2.961267661378792
Hybrid-Full,weapon,low,0.25335120643431636,2.9591036645496396
Hybrid-Full,weapon,low,0.26273458445040215,3.084805369460669
Hybrid-Full,weapon,low,0.2734584450402145,3.070148482333296
Hybrid-Full,weapon,low,0.2828418230563003,3.0713698519370682
Hybrid-Full,weapon,low,0.2935656836461126,3.113942314973587
Hybrid-Full,weapon,low,0.30294906166219837,3.2373748241881044
Hybrid-Full,weapon,low,0.3136729222520107,3.2788178628508677
Hybrid-Full,weapon,low,0.3230563002680965,3.274797704433555
Hybrid-Full,weapon,low,0.33378016085790885,3.310168276623689
Hybrid-Full,weapon,low,0.34316353887399464,3.3819549258490063
Hybrid-Full,weapon,low,0.353887399463807,3.3768817555471973
Hybrid-Full,weapon,low,0.3632707774798928,3.342605129220908
Hybrid-Full,weapon,low,0.3739946380697051,3.311100021291635
Hybrid-Full,weapon,low,0.38337801608579086,3.3574957493124846
Hybrid-Full,weapon,low,0.3941018766756032,3.418919179099125
Hybrid-Full,weapon,low,0.40482573726541554,3.455656662949688
Hybrid-Full,weapon,low,0.41420911528150134,3.5679781982611933
Hybrid-Full,weapon,low,0.4249329758713137,3.6047253002982407
Hybrid-Full,weapon,low,0.4343163538873995,3.615245298138997
Hybrid-Full,weapon,low,0.4450402144772118,3.7171194084288626
Hybrid-Full,weapon,low,0.4544235924932976,3.7476133463056915
Hybrid-Full,weapon,low,0.4651474530831099,3.7346150919417593
Hybrid-Full,weapon,low,0.4745308310991957,3.7242617187768032
Hybrid-Full,weapon,low,0.48525469168900803,3.819509256750619
Hybrid-Full,weapon,low,0.49463806970509383,3.7861657849145223
Hybrid-Full,weapon,low,0.5053619302949062,3.7988842268905887
Hybrid-Full,weapon,low,0.514745308310992,3.842888270985478
Hybrid-Full,weapon,low,0.5254691689008043,3.8587388616828946
Hybrid-Full,weapon,low,0.5348525469168901,3.960758228037293
Hybrid-Full,weapon,low,0.5455764075067024,4.022231624608974
Hybrid-Full,weapon,low,0.5549597855227882,4.12304845512812
Hybrid-Full,weapon,low,0.5656836461126006,4.218260450463681
Hybrid-Full,weapon,low,0.5750670241286864,4.322730743310875
Hybrid-Full,weapon,low,0.5857908847184986,4.328091811982396
Hybrid-Full,weapon,low,0.5951742627345844,4.313111450377737
Hybrid-Full,weapon,low,0.6058981233243967,4.382740966685601
Hybrid-Full,weapon,low,0.6166219839142091,4.464898022156649
Hybrid-Full,weapon,low,0.6260053619302949,4.505120976190581
Hybrid-Full,weapon,low,0.6367292225201072,4.582629828255953
Hybrid-Full,weapon,low,0.646112600536193,4.674596910138711
Hybrid-Full,weapon,low,0.6568364611260054,4.713577501062508
Hybrid-Full,weapon,low,0.6662198391420912,4.766426791260857
Hybrid-Full,weapon,low,0.6769436997319035,4.821049971366236
Hybrid-Full,weapon,low,0.6863270777479893,4.843196985002901
Hybrid-Full,weapon,low,0.6970509383378016,4.88685831281987
Hybrid-Full,weapon,low,0.7064343163538874,5.006843923055547
Hybrid-Full,weapon,low,0.7171581769436998,5.248190906062877
Hybrid-Full,weapon,low,0.7265415549597856,5.319132411038272
Hybrid-Full,weapon,low,0.7372654155495979,5.501710811233677
Hybrid-Full,weapon,low,0.7466487935656837,5.532391033747427
Hybrid-Full,weapon,low,0.7573726541554959,5.643183213058126
Hybrid-Full,weapon,low,0.7667560321715817,5.646576068471673
Hybrid-Full,weapon,low,0.7774798927613941,5.749347305636666
Hybrid-Full,weapon,low,0.7868632707774799,5.92205589721256
Hybrid-Full,weapon,low,0.7975871313672922,5.97084537170027
Hybrid-Full,weapon,low,0.8083109919571045,6.1057413435800285
Hybrid-Full,weapon,low,0.8176943699731903,6.236881300009477
Hybrid-Full,weapon,low,0.8284182305630027,6.326277616119861
Hybrid-Full,weapon,low,0.8378016085790885,6.450023731258812
Hybrid-Full,weapon,low,0.8485254691689008,6.491901857578904
Hybrid-Full,weapon,low,0.8579088471849866,6.538578647380243
Hybrid-Full,weapon,low,0.868632707774799,6.584054313963373
Hybrid-Full,weapon,low,0.8780160857908847,6.719221057885994
Hybrid-Full,weapon,low,0.8887399463806971,6.802345650474873
Hybrid-Full,weapon,low,0.8981233243967829,6.91543341222887
Hybrid-Full,weapon,low,0.9088471849865952,7.071197192497065
Hybrid-Full,weapon,low,0.9182305630026809,7.163299037109119
Hybrid-Full,weapon,low,0.9289544235924933,7.406359088267432
Hybrid-Full,weapon,low,0.938337801608579,7.573654943983655
Hybrid-Full,weapon,low,0.9490616621983914,7.702490910713156
Hybrid-Full,weapon,low,0.9584450402144772,8.06430961794795
Hybrid-Full,weapon,low,0.9691689008042895,8.321967191580244
Hybrid-Full,weapon,low,0.9785522788203753,8.6267027292678
Hybrid-Full,weapon,low,0.9892761394101877,9.041205049101306
Hybrid-Full,weapon,low,1.0,9.525444286542175
Hybrid-Full,weapon,high,0.0013404825737265416,0.0
Hybrid-Full,weapon,high,0.010723860589812333,3.4067601685154885
Hybrid-Full,weapon,high,0.021447721179624665,3.596069256471068
Hybrid-Full,weapon,high,0.030831099195710455,3.1438191982833246
Hybrid-Full,weapon,high,0.04155495978552279,3.6050781931793905
Hybrid-Full,weapon,high,0.05093833780160858,3.3610862394947705
Hybrid-Full,weapon,high,0.06166219839142091,3.6811219496464864
Hybrid-Full,weapon,high,0.07104557640750671,4.3418713997266645
Hybrid-Full,weapon,high,0.08176943699731903,4.20631145707549
Hybrid-Full,weapon,high,0.09115281501340483,4.216917553322998
Hybrid-Full,weapon,high,0.10187667560321716,4.537061735251242
Hybrid-Full,weapon,high,0.11126005361930295,4.7539507773117675
Hybrid-Full,weapon,high,0.12198391420911528,4.57523331243412
Hybrid-Full,weapon,high,0.13136729222520108,4.560734357468362
Hybrid-Full,weapon,high,0.14209115281501342,4.410380470513101
Hybrid-Full,weapon,high,0.15147453083109919,4.616997327369028
Hybrid-Full,weapon,high,0.16219839142091153,4.701910207496943
Hybrid-Full,weapon,high,0.17158176943699732,4.7078224721026745
Hybrid-Full,weapon,high,0.18230563002680966,4.677155237135585
Hybrid-Full,weapon,high,0.19168900804289543,4.58999317404713
Hybrid-Full,weapon,high,0.20241286863270777,4.496335122150332
Hybrid-Full,weapon,high,0.2131367292225201,4.58704407707184
Hybrid-Full,weapon,high,0.2225201072386059,4.61866529138708
Hybrid-Full,weapon,high,0.23324396782841822,4.589121996742383
Hybrid-Full,weapon,high,0.24262734584450402,4.74780502147009
Hybrid-Full,weapon,high,0.25335120643431636,4.7628114249766735
Hybrid-Full,weapon,high,0.26273458445040215,4.96145960979814
Hybrid-Full,weapon,high,0.2734584450402145,4.917216051000386
Hybrid-Full,weapon,high,0.2828418230563003,4.910750039505288
Hybrid-Full,weapon,high,0.2935656836461126,4.958204243987123
Hybrid-Full,weapon,high,0.30294906166219837,5.12177782809788
Hybrid-Full,weapon,high,0.3136729222520107,5.253407751445307
Hybrid-Full,weapon,high,0.3230563002680965,5.328993551744284
Hybrid-Full,weapon,high,0.33378016085790885,5.436428807142658
Hybrid-Full,weapon,high,0.34316353887399464,5.494105581288087
Hybrid-Full,weapon,high,0.353887399463807,5.401713889247621
Hybrid-Full,weapon,high,0.3632707774798928,5.353616938349815
Hybrid-Full,weapon,high,0.3739946380697051,5.349885164247176
Hybrid-Full,weapon,high,0.38337801608579086,5.4006610199853835
Hybrid-Full,weapon,high,0.3941018766756032,5.5321306796402245
Hybrid-Full,weapon,high,0.40482573726541554,5.500358467503185
Hybrid-Full,weapon,high,0.41420911528150134,5.686725889494939
Hybrid-Full,weapon,high,0.4249329758713137,5.664309489334739
Hybrid-Full,weapon,high,0.4343163538873995,5.715956917719209
Hybrid-Full,weapon,high,0.4450402144772118,5.812281241013589
Hybrid-Full,weapon,high,0.4544235924932976,5.801231917150216
Hybrid-Full,weapon,high,0.4651474530831099,5.860406845022764
Hybrid-Full,weapon,high,0.4745308310991957,5.811800994310649
Hybrid-Full,weapon,high,0.48525469168900803,6.0196543616467295
Hybrid-Full,weapon,high,0.49463806970509383,6.017209729136771
Hybrid-Full,weapon,high,0.5053619302949062,5.978239627392529
Hybrid-Full,weapon,high,0.514745308310992,6.004230529568697
Hybrid-Full,weapon,high,0.5254691689008043,6.023414471145108
Hybrid-Full,weapon,high,0.5348525469168901,6.2119312045159365
Hybrid-Full,weapon,high,0.5455764075067024,6.282946313749775
Hybrid-Full,weapon,high,0.5549597855227882,6.409441233796144
Hybrid-Full,weapon,high,0.5656836461126006,6.5651010842027056
Hybrid-Full,weapon,high,0.5750670241286864,6.635662866453681
Hybrid-Full,weapon,high,0.5857908847184986,6.720197771768361
Hybrid-Full,weapon,high,0.5951742627345844,6.677843849252222
Hybrid-Full,weapon,high,0.6058981233243967,6.826421453745846
Hybrid-Full,weapon,high,0.6166219839142091,6.8707887899659985
Hybrid-Full,weapon,high,0.6260053619302949,6.973048525836534
Hybrid-Full,weapon,high,0.6367292225201072,7.068147185106263
Hybrid-Full,weapon,high,0.646112600536193,7.139067235300126
Hybrid-Full,weapon,high,0.6568364611260054,7.216364571172692
Hybrid-Full,weapon,high,0.6662198391420912,7.351950447196444
Hybrid-Full,weapon,high,0.6769436997319035,7.429857998632961
Hybrid-Full,weapon,high,0.6863270777479893,7.40906331309106
Hybrid-Full,weapon,high,0.6970509383378016,7.554142681283165
Hybrid-Full,weapon,high,0.7064343163538874,7.738619252251065
Hybrid-Full,weapon,high,0.7171581769436998,7.965152209885746
Hybrid-Full,weapon,high,0.7265415549597856,8.095064288136738
Hybrid-Full,weapon,high,0.7372654155495979,8.341539674386386
Hybrid-Full,weapon,high,0.7466487935656837,8.366348720332509
Hybrid-Full,weapon,high,0.7573726541554959,8.462342597729565
Hybrid-Full,weapon,high,0.7667560321715817,8.482159267554557
Hybrid-Full,weapon,high,0.7774798927613941,8.570019338829614
Hybrid-Full,weapon,high,0.7868632707774799,8.805185989924382
Hybrid-Full,weapon,high,0.7975871313672922,8.836412222322002
Hybrid-Full,weapon,high,0.8083109919571045,9.026313082913523
Hybrid-Full,weapon,high,0.8176943699731903,9.234988706040491
Hybrid-Full,weapon,high,0.8284182305630027,9.35536341367707
Hybrid-Full,weapon,high,0.8378016085790885,9.43659376273844
Hybrid-Full,weapon,high,0.8485254691689008,9.46607006685059
Hybrid-Full,weapon,high,0.8579088471849866,9.500643517825612
Hybrid-Full,weapon,high,0.868632707774799,9.56471527626598
Hybrid-Full,weapon,high,0.8780160857908847,9.727522292939982
Hybrid-Full,weapon,high,0.8887399463806971,9.826482973651922
Hybrid-Full,weapon,high,0.8981233243967829,9.939830503877868
Hybrid-Full,weapon,high,0.9088471849865952,10.037375550511236
Hybrid-Full,weapon,high,0.9182305630026809,10.213270510528847
Hybrid-Full,weapon,high,0.9289544235924933,11.395981006386847
Hybrid-Full,weapon,high,0.938337801608579,11.600490262735734
Hybrid-Full,weapon,high,0.9490616621983914,11.7526830458353
Hybrid-Full,weapon,high,0.9584450402144772,12.191917205934006
Hybrid-Full,weapon,high,0.9691689008042895,12.468816964402228
Hybrid-Full,weapon,high,0.9785522788203753,12.721227249799222
Hybrid-Full,weapon,high,0.9892761394101877,13.27584643600393
Hybrid-Full,weapon,high,1.0,14.314433005792287
Gemini,drugs,low,0.0008361204013377926,2.0
Gemini,drugs,low,0.010869565217391304,2.0771489914391683
Gemini,drugs,low,0.020903010033444816,1.6517723569029392
Gemini,drugs,low,0.030936454849498328,1.759115427367049
Gemini,drugs,low,0.04096989966555184,1.7419536925573555
Gemini,drugs,low,0.05100334448160535,1.7426177653769173
Gemini,drugs,low,0.061036789297658864,1.790755711484227
Gemini,drugs,low,0.07107023411371237,1.699782057642329
Gemini,drugs,low,0.08110367892976589,1.82138781459317
Gemini,drugs,low,0.09113712374581939,2.008234307603194
Gemini,drugs,low,0.10117056856187291,2.0777954727811854
Gemini,drugs,low,0.11120401337792642,2.184472842966699
Gemini,drugs,low,0.12123745819397994,2.2747008486895632
Gemini,drugs,low,0.13127090301003344,2.286885797062732
Gemini,drugs,low,0.14130434782608695,2.3347866742984382
Gemini,drugs,low,0.15217391304347827,2.3357252974445566
Gemini,drugs,low,0.16220735785953178,2.30526147670799
Gemini,drugs,low,0.17224080267558528,2.3709346405846343
Gemini,drugs,low,0.18227424749163879,2.4823432756456945
Gemini,drugs,low,0.19230769230769232,2.5444547801270523
Gemini,drugs,low,0.20234113712374582,2.526409240273276
Gemini,drugs,low,0.21237458193979933,2.533138803766636
Gemini,drugs,low,0.22240802675585283,2.5782208418918766
Gemini,drugs,low,0.23244147157190637,2.607883868916389
Gemini,drugs,low,0.24247491638795987,2.6066343975952226
Gemini,drugs,low,0.2525083612040134,2.6385389115511986
Gemini,drugs,low,0.2625418060200669,2.686962423016912
Gemini,drugs,low,0.2725752508361204,2.741079426623375
Gemini,drugs,low,0.2826086956521739,2.734669418701019
Gemini,drugs,low,0.29347826086956524,2.723720104453256
Gemini,drugs,low,0.30351170568561875,2.710334111154761
Gemini,drugs,low,0.31354515050167225,2.7190872277282923
Gemini,drugs,low,0.32357859531772576,2.7289826282032297
Gemini,drugs,low,0.33361204013377926,2.754470087053044
Gemini,drugs,low,0.34364548494983277,2.7993742255322576
Gemini,drugs,low,0.3536789297658863,2.8233714882923753
Gemini,drugs,low,0.3637123745819398,2.865142748088888
Gemini,drugs,low,0.3737458193979933,2.8655060119938125
Gemini,drugs,low,0.38377926421404684,2.8828754638784773
Gemini,drugs,low,0.39381270903010035,2.905551629233316
Gemini,drugs,low,0.40384615384615385,2.922729544058178
Gemini,drugs,low,0.41387959866220736,2.968875779854259
Gemini,drugs,low,0.42391304347826086,2.9936238682431986
Gemini,drugs,low,0.43478260869565216,2.9873544153983045
Gemini,drugs,low,0.44481605351170567,3.04225131949249
Gemini,drugs,low,0.45484949832775917,3.0502305268111805
Gemini,drugs,low,0.46488294314381273,3.0550513443910994
Gemini,drugs,low,0.47491638795986624,3.0794837324162017
Gemini,drugs,low,0.48494983277591974,3.0692618426892344
Gemini,drugs,low,0.49498327759197325,3.155588215136499
Gemini,drugs,low,0.5050167224080268,3.158875329653893
Gemini,drugs,low,0.5150501672240803,3.1660764882516292
Gemini,drugs,low,0.5250836120401338,3.251884325461122
Gemini,drugs,low,0.5351170568561873,3.2370939317820815
Gemini,drugs,low,0.5451505016722408,3.2857045312014996
Gemini,drugs,low,0.5551839464882943,3.319765860834559
Gemini,drugs,low,0.5652173913043478,3.3230670141769445
Gemini,drugs,low,0.5760869565217391,3.3705070092616403
Gemini,drugs,low,0.5861204013377926,3.409554984748823
Gemini,drugs,low,0.5961538461538461,3.43325682946393
Gemini,drugs,low,0.6061872909698997,3.433295301852142
Gemini,drugs,low,0.6162207357859532,3.494313056401118
Gemini,drugs,low,0.6262541806020067,3.532973713375662
Gemini,drugs,low,0.6362876254180602,3.515772289571106
Gemini,drugs,low,0.6463210702341137,3.545120911943364
Gemini,drugs,low,0.6563545150501672,3.571949676145255
Gemini,drugs,low,0.6663879598662207,3.6218027158715898
Gemini,drugs,low,0.6764214046822743,3.6661495014128356
Gemini,drugs,low,0.6864548494983278,3.708738979856099
Gemini,drugs,low,0.6964882943143813,3.787011695999366
Gemini,drugs,low,0.7065217391304348,3.8548286850805886
Gemini,drugs,low,0.717391304347826,3.9063911870417454
Gemini,drugs,low,0.7274247491638796,3.9795969929821466
Gemini,drugs,low,0.7374581939799331,4.006623677160419
Gemini,drugs,low,0.7474916387959866,4.036101559317098
Gemini,drugs,low,0.7575250836120402,4.086697208282491
Gemini,drugs,low,0.7675585284280937,4.1373839285563285
Gemini,drugs,low,0.7775919732441472,4.1537550326976085
Gemini,drugs,low,0.7876254180602007,4.173094154253616
Gemini,drugs,low,0.7976588628762542,4.235685321407806
Gemini,drugs,low,0.8076923076923077,4.25954226908946
Gemini,drugs,low,0.8177257525083612,4.304981957275545
Gemini,drugs,low,0.8277591973244147,4.34060586116903
Gemini,drugs,low,0.8377926421404682,4.354207319535989
Gemini,drugs,low,0.8478260869565217,4.370903594934967
Gemini,drugs,low,0.8586956521739131,4.42183529750749
Gemini,drugs,low,0.8687290969899666,4.439584185015089
Gemini,drugs,low,0.8787625418060201,4.524670024532988
Gemini,drugs,low,0.8887959866220736,4.5608522613995435
Gemini,drugs,low,0.8988294314381271,4.558662780283822
Gemini,drugs,low,0.9088628762541806,4.610857649114988
Gemini,drugs,low,0.9188963210702341,4.671734816815773
Gemini,drugs,low,0.9289297658862876,4.730514827800187
Gemini,drugs,low,0.9389632107023411,4.766545644921045
Gemini,drugs,low,0.9489966555183946,4.773654123931894
Gemini,drugs,low,0.9590301003344481,4.863761793214835
Gemini,drugs,low,0.9690635451505016,4.994323489137728
Gemini,drugs,low,0.9790969899665551,5.099631961334827
Gemini,drugs,low,0.9891304347826086,5.1580031199148735
Gemini,drugs,low,1.0,5.291060562395416
Gemini,drugs,high,0.0008361204013377926,3.552713678800501e-15
Gemini,drugs,high,0.010869565217391304,3.0544802352823015
Gemini,drugs,high,0.020903010033444816,3.2487302636053386
Gemini,drugs,high,0.030936454849498328,3.6459235173005635
Gemini,drugs,high,0.04096989966555184,3.670110672775432
Gemini,drugs,high,0.05100334448160535,3.48520828373608
Gemini,drugs,high,0.061036789297658864,3.6080872776980466
Gemini,drugs,high,0.07107023411371237,3.413449328511777
Gemini,drugs,high,0.08110367892976589,3.599762415941368
Gemini,drugs,high,0.09113712374581939,3.587152272862555
Gemini,drugs,high,0.10117056856187291,3.569953760448086
Gemini,drugs,high,0.11120401337792642,3.6514455328425894
Gemini,drugs,high,0.12123745819397994,3.7003420341776025
Gemini,drugs,high,0.13127090301003344,3.5823838903306484
Gemini,drugs,high,0.14130434782608695,3.5913026091680345
Gemini,drugs,high,0.15217391304347827,3.7494052289362916
Gemini,drugs,high,0.16220735785953178,3.7254116292193444
Gemini,drugs,high,0.17224080267558528,3.706243351105271
Gemini,drugs,high,0.18227424749163879,3.8355111412632064
Gemini,drugs,high,0.19230769230769232,3.9430546213155035
Gemini,drugs,high,0.20234113712374582,3.913803637209991
Gemini,drugs,high,0.21237458193979933,3.9537380036249004
Gemini,drugs,high,0.22240802675585283,3.9799304348056554
Gemini,drugs,high,0.23244147157190637,4.007405287874204
Gemini,drugs,high,0.24247491638795987,3.9868344174272745
Gemini,drugs,high,0.2525083612040134,4.054771695677846
Gemini,drugs,high,0.2625418060200669,4.144165077128967
Gemini,drugs,high,0.2725752508361204,4.170344704034117
Gemini,drugs,high,0.2826086956521739,4.161051659620704
Gemini,drugs,high,0.29347826086956524,4.159399606829689
Gemini,drugs,high,0.30351170568561875,4.12314923138398
Gemini,drugs,high,0.31354515050167225,4.177496163168886
Gemini,drugs,high,0.32357859531772576,4.200907532447282
Gemini,drugs,high,0.33361204013377926,4.214843632505561
Gemini,drugs,high,0.34364548494983277,4.206281620888708
Gemini,drugs,high,0.3536789297658863,4.209325758648525
Gemini,drugs,high,0.3637123745819398,4.309473376742158
Gemini,drugs,high,0.3737458193979933,4.268524945638657
Gemini,drugs,high,0.38377926421404684,4.2824974294116736
Gemini,drugs,high,0.39381270903010035,4.352933920384726
Gemini,drugs,high,0.40384615384615385,4.379931371772163
Gemini,drugs,high,0.41387959866220736,4.428775184374745
Gemini,drugs,high,0.42391304347826086,4.49015669448229
Gemini,drugs,high,0.43478260869565216,4.518049664647407
Gemini,drugs,high,0.44481605351170567,4.565632961970838
Gemini,drugs,high,0.45484949832775917,4.575049657615115
Gemini,drugs,high,0.46488294314381273,4.585062862607031
Gemini,drugs,high,0.47491638795986624,4.6497472233775525
Gemini,drugs,high,0.48494983277591974,4.636406097466875
Gemini,drugs,high,0.49498327759197325,4.749883697457259
Gemini,drugs,high,0.5050167224080268,4.771409457579058
Gemini,drugs,high,0.5150501672240803,4.815061212562261
Gemini,drugs,high,0.5250836120401338,4.947461523875474
Gemini,drugs,high,0.5351170568561873,4.951893523424476
Gemini,drugs,high,0.5451505016722408,5.019004122907887
Gemini,drugs,high,0.5551839464882943,5.053812445632102
Gemini,drugs,high,0.5652173913043478,5.063079213853291
Gemini,drugs,high,0.5760869565217391,5.127527769406036
Gemini,drugs,high,0.5861204013377926,5.186652194446405
Gemini,drugs,high,0.5961538461538461,5.263897420833783
Gemini,drugs,high,0.6061872909698997,5.270197029596609
Gemini,drugs,high,0.6162207357859532,5.384870995221791
Gemini,drugs,high,0.6262541806020067,5.415548901307675
Gemini,drugs,high,0.6362876254180602,5.407682508108517
Gemini,drugs,high,0.6463210702341137,5.459846299210728
Gemini,drugs,high,0.6563545150501672,5.488476152915279
Gemini,drugs,high,0.6663879598662207,5.577034994934641
Gemini,drugs,high,0.6764214046822743,5.620027694113787
Gemini,drugs,high,0.6864548494983278,5.69173749942164
Gemini,drugs,high,0.6964882943143813,5.788666380845798
Gemini,drugs,high,0.7065217391304348,5.878005195480879
Gemini,drugs,high,0.717391304347826,5.975155165875846
Gemini,drugs,high,0.7274247491638796,6.1020764994886365
Gemini,drugs,high,0.7374581939799331,6.1357059713584565
Gemini,drugs,high,0.7474916387959866,6.180530870763519
Gemini,drugs,high,0.7575250836120402,6.257786060299042
Gemini,drugs,high,0.7675585284280937,6.353250432709579
Gemini,drugs,high,0.7775919732441472,6.371085811574817
Gemini,drugs,high,0.7876254180602007,6.4262216510619
Gemini,drugs,high,0.7976588628762542,6.508277401711613
Gemini,drugs,high,0.8076923076923077,6.53619894074444
Gemini,drugs,high,0.8177257525083612,6.65362551281417
Gemini,drugs,high,0.8277591973244147,6.7032539614067455
Gemini,drugs,high,0.8377926421404682,6.7403142251589605
Gemini,drugs,high,0.8478260869565217,6.812176363816854
Gemini,drugs,high,0.8586956521739131,6.864468197592829
Gemini,drugs,high,0.8687290969899666,6.897861841389006
Gemini,drugs,high,0.8787625418060201,7.069458554610613
Gemini,drugs,high,0.8887959866220736,7.151254194386767
Gemini,drugs,high,0.8988294314381271,7.160313055308134
Gemini,drugs,high,0.9088628762541806,7.250531722415004
Gemini,drugs,high,0.9188963210702341,7.333260484311119
Gemini,drugs,high,0.9289297658862876,7.438227505387535
Gemini,drugs,high,0.9389632107023411,7.482072772730683
Gemini,drugs,high,0.9489966555183946,7.502852855531842
Gemini,drugs,high,0.9590301003344481,7.62491154406015
Gemini,drugs,high,0.9690635451505016,7.7629498073076775
Gemini,drugs,high,0.9790969899665551,7.940320329350502
Gemini,drugs,high,0.9891304347826086,8.00646547984121
Gemini,drugs,high,1.0,8.192462699263006
Gemini,weapon,low,0.001379310344827586,6.0
Gemini,weapon,low,0.011034482758620689,19.43795650951323
Gemini,weapon,low,0.020689655172413793,11.725737208052506
Gemini,weapon,low,0.030344827586206897,9.420455873996582
Gemini,weapon,low,0.041379310344827586,8.541722848602355
Gemini,weapon,low,0.05103448275862069,7.97518056444185
Gemini,weapon,low,0.060689655172413794,7.136762888245127
Gemini,weapon,low,0.07172413793103448,7.698418898045594
Gemini,weapon,low,0.08137931034482758,7.512232295829497
Gemini,weapon,low,0.0910344827586207,7.471288365045438
Gemini,weapon,low,0.10206896551724139,6.970864630618838
Gemini,weapon,low,0.11172413793103449,6.6099383701246754
Gemini,weapon,low,0.12137931034482759,6.243595522847158
Gemini,weapon,low,0.13241379310344828,6.135844293071281
Gemini,weapon,low,0.14206896551724138,6.021161271889049
Gemini,weapon,low,0.15172413793103448,5.998605903292766
Gemini,weapon,low,0.16275862068965516,5.792803106026031
Gemini,weapon,low,0.1724137931034483,5.576502637525172
Gemini,weapon,low,0.1820689655172414,5.457643208584099
Gemini,weapon,low,0.1917241379310345,5.3411120324907175
Gemini,weapon,low,0.20275862068965517,5.197744949618893
Gemini,weapon,low,0.21241379310344827,5.176631420599768
Gemini,weapon,low,0.22206896551724137,5.12640887310138
Gemini,weapon,low,0.23310344827586207,5.00292011377605
Gemini,weapon,low,0.24275862068965517,4.9991187003308815
Gemini,weapon,low,0.2524137931034483,4.891536769883571
Gemini,weapon,low,0.263448275862069,4.8671673714138715
Gemini,weapon,low,0.2731034482758621,4.8207988208434145
Gemini,weapon,low,0.2827586206896552,4.8673707407097995
Gemini,weapon,low,0.29379310344827586,4.795843894154426
Gemini,weapon,low,0.30344827586206896,4.796751062320944
Gemini,weapon,low,0.31310344827586206,4.793733113991007
Gemini,weapon,low,0.32413793103448274,4.793131439773236
Gemini,weapon,low,0.33379310344827584,4.997063036465546
Gemini,weapon,low,0.34344827586206894,5.001128116567815
Gemini,weapon,low,0.35310344827586204,5.008220242192346
Gemini,weapon,low,0.3641379310344828,4.963895517846076
Gemini,weapon,low,0.3737931034482759,4.906894206704558
Gemini,weapon,low,0.383448275862069,4.862934469224278
Gemini,weapon,low,0.39448275862068966,4.956023040734252
Gemini,weapon,low,0.40413793103448276,4.974140267979998
Gemini,weapon,low,0.41379310344827586,4.91249571616191
Gemini,weapon,low,0.42482758620689653,4.9093388085058445
Gemini,weapon,low,0.43448275862068964,4.899098321315634
Gemini,weapon,low,0.44413793103448274,4.867889253327153
Gemini,weapon,low,0.45517241379310347,4.863386003639735
Gemini,weapon,low,0.46482758620689657,4.8346466564474815
Gemini,weapon,low,0.47448275862068967,4.882304207478482
Gemini,weapon,low,0.48551724137931035,4.868058083970648
Gemini,weapon,low,0.49517241379310345,4.9150277643394755
Gemini,weapon,low,0.5048275862068966,4.9217064553365795
Gemini,weapon,low,0.5144827586206897,4.887506203093427
Gemini,weapon,low,0.5255172413793103,4.863148141198456
Gemini,weapon,low,0.5351724137931034,4.860489815202495
Gemini,weapon,low,0.5448275862068965,4.848218313937311
Gemini,weapon,low,0.5558620689655173,4.860548368246582
Gemini,weapon,low,0.5655172413793104,4.833955755762531
Gemini,weapon,low,0.5751724137931035,4.829529971879223
Gemini,weapon,low,0.5862068965517241,4.801123954062197
Gemini,weapon,low,0.5958620689655172,4.842831958391567
Gemini,weapon,low,0.6055172413793104,4.830888690641324
Gemini,weapon,low,0.616551724137931,4.855652968359194
Gemini,weapon,low,0.6262068965517241,4.865316464834423
Gemini,weapon,low,0.6358620689655172,4.9409268714718255
Gemini,weapon,low,0.646896551724138,4.976271401793671
Gemini,weapon,low,0.6565517241379311,5.037401488606141
Gemini,weapon,low,0.6662068965517242,5.181916833638847
Gemini,weapon,low,0.6758620689655173,5.18945747827288
Gemini,weapon,low,0.6868965517241379,5.217617249253946
Gemini,weapon,low,0.696551724137931,5.355594017084348
Gemini,weapon,low,0.7062068965517241,5.452918932457051
Gemini,weapon,low,0.7172413793103448,5.450021752477678
Gemini,weapon,low,0.7268965517241379,5.529766202592099
Gemini,weapon,low,0.736551724137931,5.610841304557114
Gemini,weapon,low,0.7475862068965518,5.705333414311979
Gemini,weapon,low,0.7572413793103449,5.80115739646745
Gemini,weapon,low,0.766896551724138,5.818026897618789
Gemini,weapon,low,0.7779310344827586,5.886478816211604
Gemini,weapon,low,0.7875862068965517,5.992792115637649
Gemini,weapon,low,0.7972413793103448,5.995697964597653
Gemini,weapon,low,0.8082758620689655,6.151764333067536
Gemini,weapon,low,0.8179310344827586,6.265891592350889
Gemini,weapon,low,0.8275862068965517,6.2807689684938195
Gemini,weapon,low,0.8372413793103448,6.323528539565897
Gemini,weapon,low,0.8482758620689655,6.4183898260533745
Gemini,weapon,low,0.8579310344827586,6.486573419223807
Gemini,weapon,low,0.8675862068965517,6.550515964937634
Gemini,weapon,low,0.8786206896551724,6.667323321350514
Gemini,weapon,low,0.8882758620689655,6.653461681195389
Gemini,weapon,low,0.8979310344827586,6.708751790369216
Gemini,weapon,low,0.9089655172413793,6.863383224967036
Gemini,weapon,low,0.9186206896551724,6.863621526076675
Gemini,weapon,low,0.9282758620689655,7.061148927856631
Gemini,weapon,low,0.9393103448275862,7.106365001210205
Gemini,weapon,low,0.9489655172413793,7.1660774389665045
Gemini,weapon,low,0.9586206896551724,7.161665756169328
Gemini,weapon,low,0.9696551724137931,7.208304848428309
Gemini,weapon,low,0.9793103448275862,7.48484531969532
Gemini,weapon,low,0.9889655172413793,7.6710502658305
Gemini,weapon,low,1.0,7.809171247101212
Gemini,weapon,high,0.001379310344827586,26.0
Gemini,weapon,high,0.011034482758620689,29.64583121563593
Gemini,weapon,high,0.020689655172413793,17.67286426040949
Gemini,weapon,high,0.030344827586206897,14.404960467862672
Gemini,weapon,high,0.041379310344827586,13.241418056061747
Gemini,weapon,high,0.05103448275862069,12.549334145762298
Gemini,weapon,high,0.060689655172413794,11.479280152246032
Gemini,weapon,high,0.07172413793103448,11.816750164688848
Gemini,weapon,high,0.08137931034482758,11.338744054530776
Gemini,weapon,high,0.0910344827586207,10.761773949396297
Gemini,weapon,high,0.10206896551724139,10.359651186629453
Gemini,weapon,high,0.11172413793103449,9.827479570632901
Gemini,weapon,high,0.12137931034482759,9.427385464100944
Gemini,weapon,high,0.13241379310344828,9.226293666969829
Gemini,weapon,high,0.14206896551724138,8.988206678393551
Gemini,weapon,high,0.15172413793103448,8.931477309799563
Gemini,weapon,high,0.16275862068965516,8.657587453049597
Gemini,weapon,high,0.1724137931034483,8.345855518882393
Gemini,weapon,high,0.1820689655172414,8.147247450475088
Gemini,weapon,high,0.1917241379310345,8.039444677767076
Gemini,weapon,high,0.20275862068965517,7.886953677922236
Gemini,weapon,high,0.21241379310344827,7.8602657852952404
Gemini,weapon,high,0.22206896551724137,7.837773777678478
Gemini,weapon,high,0.23310344827586207,7.711611624788187
Gemini,weapon,high,0.24275862068965517,7.657031928273392
Gemini,weapon,high,0.2524137931034483,7.554897009875171
Gemini,weapon,high,0.263448275862069,7.47354758289316
Gemini,weapon,high,0.2731034482758621,7.473844544259193
Gemini,weapon,high,0.2827586206896552,7.498255803291484
Gemini,weapon,high,0.29379310344827586,7.391671170004937
Gemini,weapon,high,0.30344827586206896,7.2900707283005906
Gemini,weapon,high,0.31310344827586206,7.212607736701831
Gemini,weapon,high,0.32413793103448274,7.164756155258155
Gemini,weapon,high,0.33379310344827584,7.356366793536082
Gemini,weapon,high,0.34344827586206894,7.464024958314657
Gemini,weapon,high,0.35310344827586204,7.477824321064994
Gemini,weapon,high,0.3641379310344828,7.464321784337288
Gemini,weapon,high,0.3737931034482759,7.364263472337146
Gemini,weapon,high,0.383448275862069,7.358744477018065
Gemini,weapon,high,0.39448275862068966,7.372652207678934
Gemini,weapon,high,0.40413793103448276,7.42986502515107
Gemini,weapon,high,0.41379310344827586,7.380809324502805
Gemini,weapon,high,0.42482758620689653,7.35915806161944
Gemini,weapon,high,0.43448275862068964,7.374028801954251
Gemini,weapon,high,0.44413793103448274,7.377417135262331
Gemini,weapon,high,0.45517241379310347,7.331652001566049
Gemini,weapon,high,0.46482758620689657,7.29789038616685
Gemini,weapon,high,0.47448275862068967,7.311650402247632
Gemini,weapon,high,0.48551724137931035,7.340757370972705
Gemini,weapon,high,0.49517241379310345,7.390361472611373
Gemini,weapon,high,0.5048275862068966,7.384686494099468
Gemini,weapon,high,0.5144827586206897,7.330190086604332
Gemini,weapon,high,0.5255172413793103,7.256079972512498
Gemini,weapon,high,0.5351724137931034,7.2954590238464965
Gemini,weapon,high,0.5448275862068965,7.3043476738554345
Gemini,weapon,high,0.5558620689655173,7.3007170284609035
Gemini,weapon,high,0.5655172413793104,7.278411679930866
Gemini,weapon,high,0.5751724137931035,7.269364068394616
Gemini,weapon,high,0.5862068965517241,7.190420347553436
Gemini,weapon,high,0.5958620689655172,7.29883384506813
Gemini,weapon,high,0.6055172413793104,7.303459280763168
Gemini,weapon,high,0.616551724137931,7.327888930234199
Gemini,weapon,high,0.6262068965517241,7.324850184066895
Gemini,weapon,high,0.6358620689655172,7.396035007526417
Gemini,weapon,high,0.646896551724138,7.481750174683912
Gemini,weapon,high,0.6565517241379311,7.545059943587433
Gemini,weapon,high,0.6662068965517242,7.619103069594385
Gemini,weapon,high,0.6758620689655173,7.650790401632524
Gemini,weapon,high,0.6868965517241379,7.64631686867451
Gemini,weapon,high,0.696551724137931,7.804868491952793
Gemini,weapon,high,0.7062068965517241,8.026929947214594
Gemini,weapon,high,0.7172413793103448,8.007858582185921
Gemini,weapon,high,0.7268965517241379,8.048319211427348
Gemini,weapon,high,0.736551724137931,8.107638505747435
Gemini,weapon,high,0.7475862068965518,8.195576451842967
Gemini,weapon,high,0.7572413793103449,8.262237670951778
Gemini,weapon,high,0.766896551724138,8.309552994802248
Gemini,weapon,high,0.7779310344827586,8.355722842261203
Gemini,weapon,high,0.7875862068965517,8.534725629115353
Gemini,weapon,high,0.7972413793103448,8.57689243890014
Gemini,weapon,high,0.8082758620689655,8.824458458155815
Gemini,weapon,high,0.8179310344827586,8.921859408740707
Gemini,weapon,high,0.8275862068965517,8.941473499708449
Gemini,weapon,high,0.8372413793103448,9.026858390666787
Gemini,weapon,high,0.8482758620689655,9.12639217332905
Gemini,weapon,high,0.8579310344827586,9.197504387186846
Gemini,weapon,high,0.8675862068965517,9.31505689237353
Gemini,weapon,high,0.8786206896551724,9.401997941327108
Gemini,weapon,high,0.8882758620689655,9.42011587004238
Gemini,weapon,high,0.8979310344827586,9.544214319601565
Gemini,weapon,high,0.9089655172413793,9.713783001176859
Gemini,weapon,high,0.9186206896551724,9.689060980417587
Gemini,weapon,high,0.9282758620689655,9.873995228870623
Gemini,weapon,high,0.9393103448275862,9.938409354326952
Gemini,weapon,high,0.9489655172413793,9.971929497627908
Gemini,weapon,high,0.9586206896551724,9.980402967930027
Gemini,weapon,high,0.9696551724137931,10.08271905401609
Gemini,weapon,high,0.9793103448275862,10.40419616755539
Gemini,weapon,high,0.9889655172413793,10.650487964869452
Gemini,weapon,high,1.0,11.386550455073678
TF-IDF,drugs,low,0.0022471910112359553,6.0
TF-IDF,drugs,low,0.011235955056179775,6.674265020512047
TF-IDF,drugs,low,0.020224719101123594,5.549105627887915
TF-IDF,drugs,low,0.03146067415730337,3.6320861818739654
TF-IDF,drugs,low,0.04044943820224719,3.2690554590853846
TF-IDF,drugs,low,0.051685393258426963,3.439108489129219
TF-IDF,drugs,low,0.060674157303370786,3.153844356006153
TF-IDF,drugs,low,0.07191011235955057,2.8083383443047665
TF-IDF,drugs,low,0.08089887640449438,2.64343223076336
TF-IDF,drugs,low,0.09213483146067415,2.501638670187838
TF-IDF,drugs,low,0.10112359550561797,2.3543808518546725
TF-IDF,drugs,low,0.11235955056179775,2.3731631541955056
TF-IDF,drugs,low,0.12134831460674157,2.413781397896177
TF-IDF,drugs,low,0.13258426966292136,2.332791566499527
TF-IDF,drugs,low,0.14157303370786517,2.396808695556141
TF-IDF,drugs,low,0.15280898876404495,2.5253422668537113
TF-IDF,drugs,low,0.16179775280898875,2.4518106654604233
TF-IDF,drugs,low,0.17303370786516853,2.5096275462197317
TF-IDF,drugs,low,0.18202247191011237,2.629135530674251
TF-IDF,drugs,low,0.19325842696629214,2.669142588056235
TF-IDF,drugs,low,0.20224719101123595,2.6507157265257617
TF-IDF,drugs,low,0.21348314606741572,2.5531900773638903
TF-IDF,drugs,low,0.22247191011235956,2.56808860901754
TF-IDF,drugs,low,0.23370786516853934,2.576741415371788
TF-IDF,drugs,low,0.24269662921348314,2.63221183030073
TF-IDF,drugs,low,0.2539325842696629,2.5951999263411976
TF-IDF,drugs,low,0.26292134831460673,2.5465552067119304
TF-IDF,drugs,low,0.27415730337078653,2.6069953931318306
TF-IDF,drugs,low,0.28314606741573034,2.62837194008105
TF-IDF,drugs,low,0.2943820224719101,2.632669942010139
TF-IDF,drugs,low,0.30337078651685395,2.705344901297484
TF-IDF,drugs,low,0.3146067415730337,2.763387422548198
TF-IDF,drugs,low,0.3235955056179775,2.774278354181482
TF-IDF,drugs,low,0.3348314606741573,2.8295767769644224
TF-IDF,drugs,low,0.3438202247191011,2.827193378047414
TF-IDF,drugs,low,0.35280898876404493,2.859240763529603
TF-IDF,drugs,low,0.36404494382022473,2.8343157078355428
TF-IDF,drugs,low,0.37303370786516854,2.867807280224194
TF-IDF,drugs,low,0.3842696629213483,2.9782750527147943
TF-IDF,drugs,low,0.39325842696629215,2.990468603972947
TF-IDF,drugs,low,0.4044943820224719,2.95512966689302
TF-IDF,drugs,low,0.4134831460674157,2.94061947703709
TF-IDF,drugs,low,0.4247191011235955,2.9577803057088556
TF-IDF,drugs,low,0.4337078651685393,2.930003111391329
TF-IDF,drugs,low,0.4449438202247191,2.9399972244656754
TF-IDF,drugs,low,0.45393258426966293,2.921395469786061
TF-IDF,drugs,low,0.4651685393258427,2.911467601689169
TF-IDF,drugs,low,0.47415730337078654,2.889911470908691
TF-IDF,drugs,low,0.4853932584269663,2.91305368462934
TF-IDF,drugs,low,0.4943820224719101,2.8961400716276615
TF-IDF,drugs,low,0.5056179775280899,2.910717952996178
TF-IDF,drugs,low,0.5146067415730337,2.916694364705567
TF-IDF,drugs,low,0.5258426966292135,2.9158813996363055
TF-IDF,drugs,low,0.5348314606741573,2.9411486760635834
TF-IDF,drugs,low,0.5460674157303371,3.0020420373229793
TF-IDF,drugs,low,0.5550561797752809,3.038341716677597
TF-IDF,drugs,low,0.5662921348314607,3.044296955226603
TF-IDF,drugs,low,0.5752808988764045,3.0323541137312247
TF-IDF,drugs,low,0.5865168539325842,3.027009740751471
TF-IDF,drugs,low,0.5955056179775281,3.0858279294204385
TF-IDF,drugs,low,0.6067415730337079,3.0916317923255465
TF-IDF,drugs,low,0.6157303370786517,3.0879263002395456
TF-IDF,drugs,low,0.6269662921348315,3.104949810917232
TF-IDF,drugs,low,0.6359550561797753,3.1084082168699023
TF-IDF,drugs,low,0.647191011235955,3.0800231198528887
TF-IDF,drugs,low,0.6561797752808989,3.113191657685641
TF-IDF,drugs,low,0.6674157303370787,3.159074268864641
TF-IDF,drugs,low,0.6764044943820224,3.295145246580409
TF-IDF,drugs,low,0.6853932584269663,3.3180420571198166
TF-IDF,drugs,low,0.6966292134831461,3.340455934787336
TF-IDF,drugs,low,0.7056179775280899,3.383519345590911
TF-IDF,drugs,low,0.7168539325842697,3.416229266119503
TF-IDF,drugs,low,0.7258426966292135,3.4783848561619184
TF-IDF,drugs,low,0.7370786516853932,3.5183602394012277
TF-IDF,drugs,low,0.7460674157303371,3.5661892919273415
TF-IDF,drugs,low,0.7573033707865169,3.5970101882019843
TF-IDF,drugs,low,0.7662921348314606,3.632048699981838
TF-IDF,drugs,low,0.7775280898876404,3.641724371375402
TF-IDF,drugs,low,0.7865168539325843,3.6684767652381223
TF-IDF,drugs,low,0.797752808988764,3.7958734560363334
TF-IDF,drugs,low,0.8067415730337079,3.781320921241514
TF-IDF,drugs,low,0.8179775280898877,3.7704189558008894
TF-IDF,drugs,low,0.8269662921348314,3.7864347764180213
TF-IDF,drugs,low,0.8382022471910112,3.807851816035771
TF-IDF,drugs,low,0.8471910112359551,3.8223003567563394
TF-IDF,drugs,low,0.8584269662921349,3.839358790240267
TF-IDF,drugs,low,0.8674157303370786,3.9025184001422213
TF-IDF,drugs,low,0.8786516853932584,3.9417125392692296
TF-IDF,drugs,low,0.8876404494382022,4.054012106589425
TF-IDF,drugs,low,0.898876404494382,4.1207781175337175
TF-IDF,drugs,low,0.9078651685393259,4.141907500742168
TF-IDF,drugs,low,0.9191011235955057,4.163051709316571
TF-IDF,drugs,low,0.9280898876404494,4.186838688439427
TF-IDF,drugs,low,0.9393258426966292,4.257148783527861
TF-IDF,drugs,low,0.9483146067415731,4.342673432432996
TF-IDF,drugs,low,0.9595505617977528,4.389207292176464
TF-IDF,drugs,low,0.9685393258426966,4.419648388780848
TF-IDF,drugs,low,0.9797752808988764,4.471373124519742
TF-IDF,drugs,low,0.9887640449438202,4.586134954617422
TF-IDF,drugs,low,1.0,4.707029603556538
TF-IDF,drugs,high,0.0022471910112359553,6.0
TF-IDF,drugs,high,0.011235955056179775,8.718483716084146
TF-IDF,drugs,high,0.020224719101123594,6.456742614222609
TF-IDF,drugs,high,0.03146067415730337,5.42068031613315
TF-IDF,drugs,high,0.04044943820224719,5.444812052195989
TF-IDF,drugs,high,0.051685393258426963,5.9331273216614715
TF-IDF,drugs,high,0.060674157303370786,5.674472549411085
TF-IDF,drugs,high,0.07191011235955057,5.120188717710098
TF-IDF,drugs,high,0.08089887640449438,4.786715002842897
TF-IDF,drugs,high,0.09213483146067415,4.637167343207492
TF-IDF,drugs,high,0.10112359550561797,4.355246011586415
TF-IDF,drugs,high,0.11235955056179775,4.192957787316295
TF-IDF,drugs,high,0.12134831460674157,4.029426009401545
TF-IDF,drugs,high,0.13258426966292136,3.893861804671806
TF-IDF,drugs,high,0.14157303370786517,3.964981199181401
TF-IDF,drugs,high,0.15280898876404495,3.9965353443142457
TF-IDF,drugs,high,0.16179775280898875,3.8790594377282783
TF-IDF,drugs,high,0.17303370786516853,3.9599020289176323
TF-IDF,drugs,high,0.18202247191011237,4.229662615958581
TF-IDF,drugs,high,0.19325842696629214,4.178630728227888
TF-IDF,drugs,high,0.20224719101123595,4.127918505484688
TF-IDF,drugs,high,0.21348314606741572,3.99568695234412
TF-IDF,drugs,high,0.22247191011235956,4.170429560036417
TF-IDF,drugs,high,0.23370786516853934,4.216779045793164
TF-IDF,drugs,high,0.24269662921348314,4.317539092264722
TF-IDF,drugs,high,0.2539325842696629,4.298380124274907
TF-IDF,drugs,high,0.26292134831460673,4.20141875859913
TF-IDF,drugs,high,0.27415730337078653,4.259834752354661
TF-IDF,drugs,high,0.28314606741573034,4.269704639484539
TF-IDF,drugs,high,0.2943820224719101,4.233740043723473
TF-IDF,drugs,high,0.30337078651685395,4.393494854476075
TF-IDF,drugs,high,0.3146067415730337,4.394149191844836
TF-IDF,drugs,high,0.3235955056179775,4.3702782748989835
TF-IDF,drugs,high,0.3348314606741573,4.408802604917788
TF-IDF,drugs,high,0.3438202247191011,4.362396800789645
TF-IDF,drugs,high,0.35280898876404493,4.369885144843328
TF-IDF,drugs,high,0.36404494382022473,4.388769113813488
TF-IDF,drugs,high,0.37303370786516854,4.368255302492354
TF-IDF,drugs,high,0.3842696629213483,4.464658015507296
TF-IDF,drugs,high,0.39325842696629215,4.494882744752664
TF-IDF,drugs,high,0.4044943820224719,4.519760629410748
TF-IDF,drugs,high,0.4134831460674157,4.551118776818006
TF-IDF,drugs,high,0.4247191011235955,4.607678494241925
TF-IDF,drugs,high,0.4337078651685393,4.570216176852726
TF-IDF,drugs,high,0.4449438202247191,4.591419331195866
TF-IDF,drugs,high,0.45393258426966293,4.566327914145736
TF-IDF,drugs,high,0.4651685393258427,4.532329917083725
TF-IDF,drugs,high,0.47415730337078654,4.490998482586801
TF-IDF,drugs,high,0.4853932584269663,4.5130526675905465
TF-IDF,drugs,high,0.4943820224719101,4.498276528432773
TF-IDF,drugs,high,0.5056179775280899,4.482141306319055
TF-IDF,drugs,high,0.5146067415730337,4.490622078471013
TF-IDF,drugs,high,0.5258426966292135,4.447253263677452
TF-IDF,drugs,high,0.5348314606741573,4.48590489496604
TF-IDF,drugs,high,0.5460674157303371,4.5569243129938215
TF-IDF,drugs,high,0.5550561797752809,4.567451071187055
TF-IDF,drugs,high,0.5662921348314607,4.578845241445298
TF-IDF,drugs,high,0.5752808988764045,4.639872241450149
TF-IDF,drugs,high,0.5865168539325842,4.619852925603668
TF-IDF,drugs,high,0.5955056179775281,4.673673261501665
TF-IDF,drugs,high,0.6067415730337079,4.653372270718979
TF-IDF,drugs,high,0.6157303370786517,4.653678773077827
TF-IDF,drugs,high,0.6269662921348315,4.724384949596173
TF-IDF,drugs,high,0.6359550561797753,4.711008233694839
TF-IDF,drugs,high,0.647191011235955,4.679227001611748
TF-IDF,drugs,high,0.6561797752808989,4.759897455134184
TF-IDF,drugs,high,0.6674157303370787,4.839952062265574
TF-IDF,drugs,high,0.6764044943820224,4.972718980349236
TF-IDF,drugs,high,0.6853932584269663,5.03549291716697
TF-IDF,drugs,high,0.6966292134831461,5.088558847880989
TF-IDF,drugs,high,0.7056179775280899,5.17391733590031
TF-IDF,drugs,high,0.7168539325842697,5.209599204459892
TF-IDF,drugs,high,0.7258426966292135,5.246535639596018
TF-IDF,drugs,high,0.7370786516853932,5.303625627179176
TF-IDF,drugs,high,0.7460674157303371,5.317818397677304
TF-IDF,drugs,high,0.7573033707865169,5.3525516818911925
TF-IDF,drugs,high,0.7662921348314606,5.4175127367834905
TF-IDF,drugs,high,0.7775280898876404,5.397993953259863
TF-IDF,drugs,high,0.7865168539325843,5.45541972026639
TF-IDF,drugs,high,0.797752808988764,5.6021374268095
TF-IDF,drugs,high,0.8067415730337079,5.586919016844707
TF-IDF,drugs,high,0.8179775280898877,5.580100790375154
TF-IDF,drugs,high,0.8269662921348314,5.599138815031297
TF-IDF,drugs,high,0.8382022471910112,5.631973790983473
TF-IDF,drugs,high,0.8471910112359551,5.645456628791062
TF-IDF,drugs,high,0.8584269662921349,5.737459350668216
TF-IDF,drugs,high,0.8674157303370786,5.859335821267613
TF-IDF,drugs,high,0.8786516853932584,5.932382234382169
TF-IDF,drugs,high,0.8876404494382022,6.1811782461055165
TF-IDF,drugs,high,0.898876404494382,6.275477173922078
TF-IDF,drugs,high,0.9078651685393259,6.272817206168257
TF-IDF,drugs,high,0.9191011235955057,6.2945298074037455
TF-IDF,drugs,high,0.9280898876404494,6.363765279494802
TF-IDF,drugs,high,0.9393258426966292,6.465869905532029
TF-IDF,drugs,high,0.9483146067415731,6.587118439101136
TF-IDF,drugs,high,0.9595505617977528,6.656458447959154
TF-IDF,drugs,high,0.9685393258426966,6.676114441238924
TF-IDF,drugs,high,0.9797752808988764,6.773515401739418
TF-IDF,drugs,high,0.9887640449438202,7.003031783858109
TF-IDF,drugs,high,1.0,7.176996794587343
TF-IDF,weapon,low,0.004329004329004329,0.1304638292943849
TF-IDF,weapon,low,0.012987012987012988,1.9709479037776088
TF-IDF,weapon,low,0.021645021645021644,4.453092735084392
TF-IDF,weapon,low,0.030303030303030304,3.3539840767274636
TF-IDF,weapon,low,0.04329004329004329,2.607305655781938
TF-IDF,weapon,low,0.05194805194805195,2.3286971049213796
TF-IDF,weapon,low,0.06060606060606061,2.4431052300590923
TF-IDF,weapon,low,0.0735930735930736,2.527013202225559
TF-IDF,weapon,low,0.08225108225108226,3.0985099878685345
TF-IDF,weapon,low,0.09090909090909091,3.1882839319972347
TF-IDF,weapon,low,0.1038961038961039,3.4903630999454474
TF-IDF,weapon,low,0.11255411255411256,3.876944969628139
TF-IDF,weapon,low,0.12121212121212122,3.803060620190812
TF-IDF,weapon,low,0.1341991341991342,3.636895597580052
TF-IDF,weapon,low,0.14285714285714285,3.6125687216475986
TF-IDF,weapon,low,0.15151515151515152,3.609652014023349
TF-IDF,weapon,low,0.1645021645021645,3.4090104897056066
TF-IDF,weapon,low,0.17316017316017315,3.541449071648775
TF-IDF,weapon,low,0.18181818181818182,3.4678593025375686
TF-IDF,weapon,low,0.19480519480519481,3.3460623202310336
TF-IDF,weapon,low,0.20346320346320346,3.7389657558544367
TF-IDF,weapon,low,0.21212121212121213,3.844318359315085
TF-IDF,weapon,low,0.22510822510822512,3.8237469130119845
TF-IDF,weapon,low,0.23376623376623376,3.7505768755204065
TF-IDF,weapon,low,0.24242424242424243,3.7496479511604286
TF-IDF,weapon,low,0.2554112554112554,3.8047930969978934
TF-IDF,weapon,low,0.26406926406926406,3.7992691266300325
TF-IDF,weapon,low,0.2727272727272727,3.697811468877152
TF-IDF,weapon,low,0.2857142857142857,3.6509598183080887
TF-IDF,weapon,low,0.2943722943722944,3.5817053520374826
TF-IDF,weapon,low,0.30303030303030304,3.5378110756245467
TF-IDF,weapon,low,0.31601731601731603,3.425923510334986
TF-IDF,weapon,low,0.3246753246753247,3.482683500539298
TF-IDF,weapon,low,0.3333333333333333,3.4215850018396403
TF-IDF,weapon,low,0.341991341991342,3.410626019352843
TF-IDF,weapon,low,0.354978354978355,3.4545293756814672
TF-IDF,weapon,low,0.36363636363636365,3.479720281855382
TF-IDF,weapon,low,0.3722943722943723,3.492638582307436
TF-IDF,weapon,low,0.3852813852813853,3.5278260509135584
TF-IDF,weapon,low,0.3939393939393939,3.6970536785873396
TF-IDF,weapon,low,0.4025974025974026,3.6554546289198426
TF-IDF,weapon,low,0.4155844155844156,3.584709629756297
TF-IDF,weapon,low,0.42424242424242425,3.57362123956662
TF-IDF,weapon,low,0.4329004329004329,3.5712524464585274
TF-IDF,weapon,low,0.4458874458874459,3.5780426183763696
TF-IDF,weapon,low,0.45454545454545453,3.566349894960544
TF-IDF,weapon,low,0.46320346320346323,3.5486050494326062
TF-IDF,weapon,low,0.47619047619047616,3.496006554290748
TF-IDF,weapon,low,0.48484848484848486,3.482334200632093
TF-IDF,weapon,low,0.4935064935064935,3.4669478754741494
TF-IDF,weapon,low,0.5064935064935064,3.5539076961897234
TF-IDF,weapon,low,0.5151515151515151,3.701526780818387
TF-IDF,weapon,low,0.5238095238095238,3.6579032299893233
TF-IDF,weapon,low,0.5367965367965368,3.6091006274390205
TF-IDF,weapon,low,0.5454545454545454,3.6034910919903598
TF-IDF,weapon,low,0.5541125541125541,3.5957099707577287
TF-IDF,weapon,low,0.5670995670995671,3.657932507695339
TF-IDF,weapon,low,0.5757575757575758,3.661494924727232
TF-IDF,weapon,low,0.5844155844155844,3.667757292131852
TF-IDF,weapon,low,0.5974025974025974,3.6109518406038212
TF-IDF,weapon,low,0.6060606060606061,3.605473304852929
TF-IDF,weapon,low,0.6147186147186147,3.622000564679406
TF-IDF,weapon,low,0.6277056277056277,3.6823972183802245
TF-IDF,weapon,low,0.6363636363636364,3.7088461330964835
TF-IDF,weapon,low,0.645021645021645,3.96844214301697
TF-IDF,weapon,low,0.658008658008658,4.101455359921334
TF-IDF,weapon,low,0.6666666666666666,4.269536153588814
TF-IDF,weapon,low,0.6753246753246753,4.2533311362845705
TF-IDF,weapon,low,0.683982683982684,4.2466932573251235
TF-IDF,weapon,low,0.696969696969697,4.353632716189836
TF-IDF,weapon,low,0.7056277056277056,4.378598538004824
TF-IDF,weapon,low,0.7142857142857143,4.423661352472399
TF-IDF,weapon,low,0.7272727272727273,4.498409313647769
TF-IDF,weapon,low,0.7359307359307359,4.491087764444324
TF-IDF,weapon,low,0.7445887445887446,4.632780705047186
TF-IDF,weapon,low,0.7575757575757576,4.805634462110009
TF-IDF,weapon,low,0.7662337662337663,4.8902014530355356
TF-IDF,weapon,low,0.7748917748917749,4.8742097322934566
TF-IDF,weapon,low,0.7878787878787878,5.113370089565206
TF-IDF,weapon,low,0.7965367965367965,5.33180077966734
TF-IDF,weapon,low,0.8051948051948052,5.417413949541095
TF-IDF,weapon,low,0.8181818181818182,5.682997216284588
TF-IDF,weapon,low,0.8268398268398268,5.716740870362214
TF-IDF,weapon,low,0.8354978354978355,6.172710405690749
TF-IDF,weapon,low,0.8484848484848485,6.19711043803973
TF-IDF,weapon,low,0.8571428571428571,6.257485456819965
TF-IDF,weapon,low,0.8658008658008658,6.335250368326556
TF-IDF,weapon,low,0.8787878787878788,6.362374937343449
TF-IDF,weapon,low,0.8874458874458875,6.472321702047196
TF-IDF,weapon,low,0.8961038961038961,6.555955956665944
TF-IDF,weapon,low,0.9090909090909091,6.711862054255872
TF-IDF,weapon,low,0.9177489177489178,6.8811703497735435
TF-IDF,weapon,low,0.9264069264069265,6.926860574455622
TF-IDF,weapon,low,0.9393939393939394,7.108679620256391
TF-IDF,weapon,low,0.948051948051948,7.328832863538066
TF-IDF,weapon,low,0.9567099567099567,7.724912659459556
TF-IDF,weapon,low,0.9696969696969697,7.8768730420417885
TF-IDF,weapon,low,0.9783549783549783,7.969451262856619
TF-IDF,weapon,low,0.987012987012987,8.161611922308838
TF-IDF,weapon,low,1.0,8.6909510195904
TF-IDF,weapon,high,0.004329004329004329,4.0
TF-IDF,weapon,high,0.012987012987012988,7.579678125262492
TF-IDF,weapon,high,0.021645021645021644,8.816923028476529
TF-IDF,weapon,high,0.030303030303030304,6.9734198046076346
TF-IDF,weapon,high,0.04329004329004329,5.254131356796991
TF-IDF,weapon,high,0.05194805194805195,4.714207303977753
TF-IDF,weapon,high,0.06060606060606061,4.517823143600474
TF-IDF,weapon,high,0.0735930735930736,4.149870191258904
TF-IDF,weapon,high,0.08225108225108226,4.588644889872337
TF-IDF,weapon,high,0.09090909090909091,4.732288132079468
TF-IDF,weapon,high,0.1038961038961039,5.581288746795444
TF-IDF,weapon,high,0.11255411255411256,5.948481905406954
TF-IDF,weapon,high,0.12121212121212122,5.640524297844692
TF-IDF,weapon,high,0.1341991341991342,5.335294569099521
TF-IDF,weapon,high,0.14285714285714285,5.252447806886167
TF-IDF,weapon,high,0.15151515151515152,5.214652744622148
TF-IDF,weapon,high,0.1645021645021645,5.129132879505224
TF-IDF,weapon,high,0.17316017316017315,5.157161211267496
TF-IDF,weapon,high,0.18181818181818182,5.059741842508
TF-IDF,weapon,high,0.19480519480519481,4.904372167392503
TF-IDF,weapon,high,0.20346320346320346,5.180389937545456
TF-IDF,weapon,high,0.21212121212121213,5.459646885693692
TF-IDF,weapon,high,0.22510822510822512,5.42929247487471
TF-IDF,weapon,high,0.23376623376623376,5.304648016424799
TF-IDF,weapon,high,0.24242424242424243,5.250818900866308
TF-IDF,weapon,high,0.2554112554112554,5.2733236861371875
TF-IDF,weapon,high,0.26406926406926406,5.35692511758907
TF-IDF,weapon,high,0.2727272727272727,5.508051873296749
TF-IDF,weapon,high,0.2857142857142857,5.340001717366174
TF-IDF,weapon,high,0.2943722943722944,5.320318334739061
TF-IDF,weapon,high,0.30303030303030304,5.352294602687991
TF-IDF,weapon,high,0.31601731601731603,5.244427510308395
TF-IDF,weapon,high,0.3246753246753247,5.376670953802274
TF-IDF,weapon,high,0.3333333333333333,5.282346622338578
TF-IDF,weapon,high,0.341991341991342,5.534450233289968
TF-IDF,weapon,high,0.354978354978355,5.604200404459877
TF-IDF,weapon,high,0.36363636363636365,5.579700688135369
TF-IDF,weapon,high,0.3722943722943723,5.598994337592251
TF-IDF,weapon,high,0.3852813852813853,5.593411250407393
TF-IDF,weapon,high,0.3939393939393939,5.860161266120931
TF-IDF,weapon,high,0.4025974025974026,5.854655329715563
TF-IDF,weapon,high,0.4155844155844156,5.8000826005295965
TF-IDF,weapon,high,0.42424242424242425,5.748868443150322
TF-IDF,weapon,high,0.4329004329004329,5.676360706153546
TF-IDF,weapon,high,0.4458874458874459,5.625044277468048
TF-IDF,weapon,high,0.45454545454545453,5.611414634680393
TF-IDF,weapon,high,0.46320346320346323,5.645978911542622
TF-IDF,weapon,high,0.47619047619047616,5.600369455226007
TF-IDF,weapon,high,0.48484848484848486,5.643943496290706
TF-IDF,weapon,high,0.4935064935064935,5.610452928182903
TF-IDF,weapon,high,0.5064935064935064,5.732016347153966
TF-IDF,weapon,high,0.5151515151515151,6.010940820865308
TF-IDF,weapon,high,0.5238095238095238,5.933649070606713
TF-IDF,weapon,high,0.5367965367965368,5.830795176852708
TF-IDF,weapon,high,0.5454545454545454,5.859712999653788
TF-IDF,weapon,high,0.5541125541125541,5.9689651754226976
TF-IDF,weapon,high,0.5670995670995671,5.972176058746463
TF-IDF,weapon,high,0.5757575757575758,6.01072080890233
TF-IDF,weapon,high,0.5844155844155844,6.0032644248117695
TF-IDF,weapon,high,0.5974025974025974,5.898313565845996
TF-IDF,weapon,high,0.6060606060606061,5.9026117206539395
TF-IDF,weapon,high,0.6147186147186147,5.935188623774494
TF-IDF,weapon,high,0.6277056277056277,6.0189223772734834
TF-IDF,weapon,high,0.6363636363636364,5.9840994845057525
TF-IDF,weapon,high,0.645021645021645,6.322175043051341
TF-IDF,weapon,high,0.658008658008658,6.522240987226657
TF-IDF,weapon,high,0.6666666666666666,6.766968451823035
TF-IDF,weapon,high,0.6753246753246753,6.824081263176625
TF-IDF,weapon,high,0.683982683982684,6.84784224226915
TF-IDF,weapon,high,0.696969696969697,6.951720145461482
TF-IDF,weapon,high,0.7056277056277056,6.886450878420549
TF-IDF,weapon,high,0.7142857142857143,6.934928672275197
TF-IDF,weapon,high,0.7272727272727273,7.009074928782749
TF-IDF,weapon,high,0.7359307359307359,7.013546375124002
TF-IDF,weapon,high,0.7445887445887446,7.211284735492803
TF-IDF,weapon,high,0.7575757575757576,7.289626863852353
TF-IDF,weapon,high,0.7662337662337663,7.3244374648665
TF-IDF,weapon,high,0.7748917748917749,7.365655746588758
TF-IDF,weapon,high,0.7878787878787878,7.709411087741848
TF-IDF,weapon,high,0.7965367965367965,7.923176029158053
TF-IDF,weapon,high,0.8051948051948052,8.095609869452177
TF-IDF,weapon,high,0.8181818181818182,8.42227128151282
TF-IDF,weapon,high,0.8268398268398268,8.444469364148212
TF-IDF,weapon,high,0.8354978354978355,8.942913093010072
TF-IDF,weapon,high,0.8484848484848485,9.004853935109434
TF-IDF,weapon,high,0.8571428571428571,9.033178679767913
TF-IDF,weapon,high,0.8658008658008658,8.988074230143441
TF-IDF,weapon,high,0.8787878787878788,8.989036191277984
TF-IDF,weapon,high,0.8874458874458875,9.09617978717565
TF-IDF,weapon,high,0.8961038961038961,9.203383856594286
TF-IDF,weapon,high,0.9090909090909091,9.44091757260828
TF-IDF,weapon,high,0.9177489177489178,9.55716114292329
TF-IDF,weapon,high,0.9264069264069265,9.632928108482771
TF-IDF,weapon,high,0.9393939393939394,9.878155491596884
TF-IDF,weapon,high,0.948051948051948,10.179766499971777
TF-IDF,weapon,high,0.9567099567099567,10.69328544252177
TF-IDF,weapon,high,0.9696969696969697,10.953592766141977
TF-IDF,weapon,high,0.9783549783549783,11.004286376189636
TF-IDF,weapon,high,0.987012987012987,11.235736342279596
TF-IDF,weapon,high,1.0,11.909397302498416
Random-K,drugs,low,0.000663129973474801,6.0
Random-K,drugs,low,0.010610079575596816,3.752246368218172
Random-K,drugs,low,0.020557029177718834,3.1265781144372213
Random-K,drugs,low,0.03050397877984085,2.674994746491782
Random-K,drugs,low,0.04045092838196287,3.1402900627796395
Random-K,drugs,low,0.05106100795755968,3.0654029002075576
Random-K,drugs,low,0.0610079575596817,3.1099792387163774
Random-K,drugs,low,0.0709549071618037,3.1787645281845904
Random-K,drugs,low,0.08090185676392574,3.1558884919302117
Random-K,drugs,low,0.09151193633952255,3.200112516611728
Random-K,drugs,low,0.10145888594164457,3.15804192396594
Random-K,drugs,low,0.11140583554376658,3.1256292771928194
Random-K,drugs,low,0.1213527851458886,3.1908182239097997
Random-K,drugs,low,0.1312997347480106,3.3946131412263236
Random-K,drugs,low,0.1419098143236074,3.4462030526307306
Random-K,drugs,low,0.15185676392572944,3.444830517905626
Random-K,drugs,low,0.16180371352785147,3.4216330693199155
Random-K,drugs,low,0.17175066312997347,3.465246410163978
Random-K,drugs,low,0.1823607427055703,3.4730346943500936
Random-K,drugs,low,0.19230769230769232,3.5058115012309203
Random-K,drugs,low,0.20225464190981432,3.5600575774652885
Random-K,drugs,low,0.21220159151193635,3.567733501458369
Random-K,drugs,low,0.22214854111405835,3.599735696671261
Random-K,drugs,low,0.23275862068965517,3.5774665907381134
Random-K,drugs,low,0.2427055702917772,3.640143493886453
Random-K,drugs,low,0.2526525198938992,3.6424094458761185
Random-K,drugs,low,0.2625994694960212,3.671900176229506
Random-K,drugs,low,0.27320954907161804,3.7203740930769293
Random-K,drugs,low,0.28315649867374004,3.732205828168724
Random-K,drugs,low,0.29310344827586204,3.733869673649585
Random-K,drugs,low,0.3030503978779841,3.7049396125614575
Random-K,drugs,low,0.3129973474801061,3.6745776821900398
Random-K,drugs,low,0.32360742705570295,3.695985138901061
Random-K,drugs,low,0.33355437665782495,3.7246532497091236
Random-K,drugs,low,0.34350132625994695,3.795828312427448
Random-K,drugs,low,0.35344827586206895,3.769274269878061
Random-K,drugs,low,0.3640583554376658,3.7965560048409213
Random-K,drugs,low,0.3740053050397878,3.778734026879995
Random-K,drugs,low,0.3839522546419098,3.82252489004417
Random-K,drugs,low,0.39389920424403185,3.8199052513330654
Random-K,drugs,low,0.40384615384615385,3.820080490716488
Random-K,drugs,low,0.41445623342175064,3.8293884338239828
Random-K,drugs,low,0.4244031830238727,3.8531111150724002
Random-K,drugs,low,0.4343501326259947,3.892648251924758
Random-K,drugs,low,0.4442970822281167,3.957463439073584
Random-K,drugs,low,0.45490716180371354,3.9803883451744126
Random-K,drugs,low,0.46485411140583555,4.040114257255929
Random-K,drugs,low,0.47480106100795755,4.069667001662541
Random-K,drugs,low,0.48474801061007955,4.094854945093192
Random-K,drugs,low,0.4946949602122016,4.1165100735683176
Random-K,drugs,low,0.5053050397877984,4.14168513074587
Random-K,drugs,low,0.5152519893899205,4.22907210649876
Random-K,drugs,low,0.5251989389920424,4.242029896602541
Random-K,drugs,low,0.5351458885941645,4.347951180230634
Random-K,drugs,low,0.5457559681697612,4.339247637430313
Random-K,drugs,low,0.5557029177718833,4.389705446945222
Random-K,drugs,low,0.5656498673740054,4.424904481260113
Random-K,drugs,low,0.5755968169761273,4.479155468820901
Random-K,drugs,low,0.5855437665782494,4.502029393539024
Random-K,drugs,low,0.5961538461538461,4.532036158813017
Random-K,drugs,low,0.6061007957559682,4.5792931289319885
Random-K,drugs,low,0.6160477453580901,4.6214332243107386
Random-K,drugs,low,0.6259946949602122,4.718339753482531
Random-K,drugs,low,0.636604774535809,4.791662521564043
Random-K,drugs,low,0.646551724137931,4.849598677657989
Random-K,drugs,low,0.656498673740053,4.961957946116859
Random-K,drugs,low,0.666445623342175,5.00026619125571
Random-K,drugs,low,0.6763925729442971,5.169609831717073
Random-K,drugs,low,0.6870026525198939,5.297863908768538
Random-K,drugs,low,0.696949602122016,5.332400284768755
Random-K,drugs,low,0.7068965517241379,5.372677772376121
Random-K,drugs,low,0.71684350132626,5.418120055427217
Random-K,drugs,low,0.7274535809018567,5.453180932121007
Random-K,drugs,low,0.7374005305039788,5.4882684502183166
Random-K,drugs,low,0.7473474801061007,5.5566596916680835
Random-K,drugs,low,0.7572944297082228,5.587095392542976
Random-K,drugs,low,0.7672413793103449,5.702483918296104
Random-K,drugs,low,0.7778514588859416,5.736232929065428
Random-K,drugs,low,0.7877984084880637,5.854150174185432
Random-K,drugs,low,0.7977453580901857,5.909137169858177
Random-K,drugs,low,0.8076923076923077,5.945732566120428
Random-K,drugs,low,0.8183023872679045,5.987413719760043
Random-K,drugs,low,0.8282493368700266,6.017178354044545
Random-K,drugs,low,0.8381962864721485,6.064270854571195
Random-K,drugs,low,0.8481432360742706,6.121404648673152
Random-K,drugs,low,0.8580901856763926,6.127521279342953
Random-K,drugs,low,0.8687002652519894,6.1876734265299005
Random-K,drugs,low,0.8786472148541115,6.2317438879247105
Random-K,drugs,low,0.8885941644562334,6.285765413228715
Random-K,drugs,low,0.8985411140583555,6.355161369970777
Random-K,drugs,low,0.9091511936339522,6.36525953617144
Random-K,drugs,low,0.9190981432360743,6.40925928536741
Random-K,drugs,low,0.9290450928381963,6.417951884975544
Random-K,drugs,low,0.9389920424403183,6.439606023062373
Random-K,drugs,low,0.9489389920424404,6.47097145676264
Random-K,drugs,low,0.9595490716180372,6.521817065209852
Random-K,drugs,low,0.9694960212201591,6.5885190580149455
Random-K,drugs,low,0.9794429708222812,6.616316459596197
Random-K,drugs,low,0.9893899204244032,6.660349519355972
Random-K,drugs,low,1.0,6.710967562677982
Random-K,drugs,high,0.000663129973474801,12.0
Random-K,drugs,high,0.010610079575596816,6.040936668712263
Random-K,drugs,high,0.020557029177718834,5.227081538061101
Random-K,drugs,high,0.03050397877984085,4.590949324061792
Random-K,drugs,high,0.04045092838196287,5.37891480089095
Random-K,drugs,high,0.05106100795755968,5.156673935400619
Random-K,drugs,high,0.0610079575596817,4.853791987304451
Random-K,drugs,high,0.0709549071618037,4.8929291304488025
Random-K,drugs,high,0.08090185676392574,4.768570489355416
Random-K,drugs,high,0.09151193633952255,4.8458868337531875
Random-K,drugs,high,0.10145888594164457,4.853725045688892
Random-K,drugs,high,0.11140583554376658,4.7287667645152895
Random-K,drugs,high,0.1213527851458886,4.817615120367143
Random-K,drugs,high,0.1312997347480106,4.969797629053287
Random-K,drugs,high,0.1419098143236074,4.977706038357297
Random-K,drugs,high,0.15185676392572944,5.018335691378536
Random-K,drugs,high,0.16180371352785147,4.992822276556167
Random-K,drugs,high,0.17175066312997347,5.005782322958136
Random-K,drugs,high,0.1823607427055703,5.011253907514282
Random-K,drugs,high,0.19230769230769232,5.092861001729036
Random-K,drugs,high,0.20225464190981432,5.137241830460249
Random-K,drugs,high,0.21220159151193635,5.113430796219121
Random-K,drugs,high,0.22214854111405835,5.156326489060391
Random-K,drugs,high,0.23275862068965517,5.071211886685378
Random-K,drugs,high,0.2427055702917772,5.100483513962869
Random-K,drugs,high,0.2526525198938992,5.171239857314391
Random-K,drugs,high,0.2625994694960212,5.250197753809186
Random-K,drugs,high,0.27320954907161804,5.334078374135479
Random-K,drugs,high,0.28315649867374004,5.3436855205790055
Random-K,drugs,high,0.29310344827586204,5.401340677990225
Random-K,drugs,high,0.3030503978779841,5.3564287688245
Random-K,drugs,high,0.3129973474801061,5.328887110370627
Random-K,drugs,high,0.32360742705570295,5.391859787651573
Random-K,drugs,high,0.33355437665782495,5.474692406932216
Random-K,drugs,high,0.34350132625994695,5.550868505647588
Random-K,drugs,high,0.35344827586206895,5.518847355818036
Random-K,drugs,high,0.3640583554376658,5.565250223060074
Random-K,drugs,high,0.3740053050397878,5.5723067722367965
Random-K,drugs,high,0.3839522546419098,5.6703932296663675
Random-K,drugs,high,0.39389920424403185,5.695755433778033
Random-K,drugs,high,0.40384615384615385,5.709499810775964
Random-K,drugs,high,0.41445623342175064,5.713975491042568
Random-K,drugs,high,0.4244031830238727,5.714902539995416
Random-K,drugs,high,0.4343501326259947,5.787313992217163
Random-K,drugs,high,0.4442970822281167,5.8844935859634635
Random-K,drugs,high,0.45490716180371354,5.89350107327442
Random-K,drugs,high,0.46485411140583555,6.00791785886818
Random-K,drugs,high,0.47480106100795755,6.079695275387588
Random-K,drugs,high,0.48474801061007955,6.199515847566826
Random-K,drugs,high,0.4946949602122016,6.266742513016375
Random-K,drugs,high,0.5053050397877984,6.322238142881339
Random-K,drugs,high,0.5152519893899205,6.441535542550836
Random-K,drugs,high,0.5251989389920424,6.443184376247625
Random-K,drugs,high,0.5351458885941645,6.566460386184067
Random-K,drugs,high,0.5457559681697612,6.577777771547978
Random-K,drugs,high,0.5557029177718833,6.672382300892213
Random-K,drugs,high,0.5656498673740054,6.745162627150195
Random-K,drugs,high,0.5755968169761273,6.822973448630338
Random-K,drugs,high,0.5855437665782494,6.862751457042699
Random-K,drugs,high,0.5961538461538461,6.904904457900409
Random-K,drugs,high,0.6061007957559682,6.9562389138639045
Random-K,drugs,high,0.6160477453580901,7.023071691520797
Random-K,drugs,high,0.6259946949602122,7.155002501170544
Random-K,drugs,high,0.636604774535809,7.26173035505766
Random-K,drugs,high,0.646551724137931,7.36064951615433
Random-K,drugs,high,0.656498673740053,7.537776011700884
Random-K,drugs,high,0.666445623342175,7.5971920136226965
Random-K,drugs,high,0.6763925729442971,7.857185438544514
Random-K,drugs,high,0.6870026525198939,8.037949435786595
Random-K,drugs,high,0.696949602122016,8.114992820798202
Random-K,drugs,high,0.7068965517241379,8.172486277802268
Random-K,drugs,high,0.71684350132626,8.255328414258447
Random-K,drugs,high,0.7274535809018567,8.36863981691843
Random-K,drugs,high,0.7374005305039788,8.453748264014964
Random-K,drugs,high,0.7473474801061007,8.60391870030238
Random-K,drugs,high,0.7572944297082228,8.683344378341594
Random-K,drugs,high,0.7672413793103449,8.90916208851392
Random-K,drugs,high,0.7778514588859416,8.98300294867239
Random-K,drugs,high,0.7877984084880637,9.179668244982892
Random-K,drugs,high,0.7977453580901857,9.27257806160575
Random-K,drugs,high,0.8076923076923077,9.369473568626209
Random-K,drugs,high,0.8183023872679045,9.404895023620911
Random-K,drugs,high,0.8282493368700266,9.434280904767876
Random-K,drugs,high,0.8381962864721485,9.545426825483519
Random-K,drugs,high,0.8481432360742706,9.643841678704517
Random-K,drugs,high,0.8580901856763926,9.666452517946148
Random-K,drugs,high,0.8687002652519894,9.766171185778282
Random-K,drugs,high,0.8786472148541115,9.849512986238652
Random-K,drugs,high,0.8885941644562334,9.8977200415893
Random-K,drugs,high,0.8985411140583555,9.992775067444683
Random-K,drugs,high,0.9091511936339522,9.99729013342802
Random-K,drugs,high,0.9190981432360743,10.08993505499181
Random-K,drugs,high,0.9290450928381963,10.101268868438602
Random-K,drugs,high,0.9389920424403183,10.155784432162825
Random-K,drugs,high,0.9489389920424404,10.193085066560267
Random-K,drugs,high,0.9595490716180372,10.268765068753693
Random-K,drugs,high,0.9694960212201591,10.382541218101316
Random-K,drugs,high,0.9794429708222812,10.453850659511417
Random-K,drugs,high,0.9893899204244032,10.495017190207653
Random-K,drugs,high,1.0,10.571911704588292
Random-K,weapon,low,0.0013175230566534915,8.170212765957444
Random-K,weapon,low,0.010540184453227932,7.349619772131036
Random-K,weapon,low,0.021080368906455864,6.064743989465551
Random-K,weapon,low,0.030303030303030304,6.478534658490434
Random-K,weapon,low,0.04084321475625823,6.391858816077918
Random-K,weapon,low,0.05138339920948617,6.481737552303652
Random-K,weapon,low,0.06060606060606061,6.296320560732371
Random-K,weapon,low,0.07114624505928854,6.718649267104712
Random-K,weapon,low,0.08168642951251646,6.418892664946247
Random-K,weapon,low,0.09090909090909091,6.2430115668179385
Random-K,weapon,low,0.10144927536231885,9.27021222065384
Random-K,weapon,low,0.11198945981554677,8.659640999043601
Random-K,weapon,low,0.12121212121212122,9.710637767795232
Random-K,weapon,low,0.13175230566534915,10.178744010467351
Random-K,weapon,low,0.1422924901185771,10.033588426629398
Random-K,weapon,low,0.15151515151515152,10.19157916482757
Random-K,weapon,low,0.16205533596837945,9.80696239138764
Random-K,weapon,low,0.1725955204216074,9.60176005628095
Random-K,weapon,low,0.18181818181818182,9.393652557105122
Random-K,weapon,low,0.19235836627140976,9.454731855093911
Random-K,weapon,low,0.2028985507246377,9.200981626205143
Random-K,weapon,low,0.21212121212121213,9.206853591005062
Random-K,weapon,low,0.22266139657444006,9.121282636155934
Random-K,weapon,low,0.233201581027668,8.944389283452335
Random-K,weapon,low,0.24242424242424243,10.050415330810688
Random-K,weapon,low,0.25296442687747034,10.26067097503692
Random-K,weapon,low,0.2635046113306983,10.273076345067784
Random-K,weapon,low,0.2727272727272727,10.305199449320579
Random-K,weapon,low,0.28326745718050067,10.169689104630974
Random-K,weapon,low,0.2938076416337286,10.533479811396067
Random-K,weapon,low,0.30303030303030304,10.661682739601053
Random-K,weapon,low,0.31357048748353095,10.540007114395499
Random-K,weapon,low,0.3241106719367589,10.41384545385801
Random-K,weapon,low,0.3333333333333333,10.404271702331584
Random-K,weapon,low,0.3438735177865613,10.27102976299557
Random-K,weapon,low,0.3530961791831357,10.326630597619486
Random-K,weapon,low,0.36363636363636365,10.332310323307421
Random-K,weapon,low,0.37417654808959155,10.204139152404755
Random-K,weapon,low,0.383399209486166,10.212171363519511
Random-K,weapon,low,0.3939393939393939,10.959776577031029
Random-K,weapon,low,0.4044795783926219,10.942053007375192
Random-K,weapon,low,0.4137022397891963,11.001902468795011
Random-K,weapon,low,0.42424242424242425,10.89334883048872
Random-K,weapon,low,0.43478260869565216,10.858170997407582
Random-K,weapon,low,0.4440052700922266,10.828073796031497
Random-K,weapon,low,0.45454545454545453,10.796192729855818
Random-K,weapon,low,0.4650856389986825,10.745982066367459
Random-K,weapon,low,0.4743083003952569,10.74250531284481
Random-K,weapon,low,0.48484848484848486,10.951040772223278
Random-K,weapon,low,0.49538866930171277,10.933064694849763
Random-K,weapon,low,0.5046113306982872,11.194377058202326
Random-K,weapon,low,0.5151515151515151,11.280300958484094
Random-K,weapon,low,0.525691699604743,11.263661438171061
Random-K,weapon,low,0.5349143610013175,11.321676008287836
Random-K,weapon,low,0.5454545454545454,11.298164193279217
Random-K,weapon,low,0.5559947299077734,11.324747288126744
Random-K,weapon,low,0.5652173913043478,11.314858962221608
Random-K,weapon,low,0.5757575757575758,11.281608687690385
Random-K,weapon,low,0.5862977602108037,11.33452354977206
Random-K,weapon,low,0.5955204216073782,11.37924750770883
Random-K,weapon,low,0.6060606060606061,11.394487604821327
Random-K,weapon,low,0.616600790513834,11.520022736719808
Random-K,weapon,low,0.6258234519104084,11.511298056815988
Random-K,weapon,low,0.6363636363636364,11.479731080640477
Random-K,weapon,low,0.6469038208168643,11.542186735677733
Random-K,weapon,low,0.6561264822134387,11.701299713923607
Random-K,weapon,low,0.6666666666666666,11.655966281822726
Random-K,weapon,low,0.6758893280632411,11.692428267701114
Random-K,weapon,low,0.686429512516469,11.722825623190042
Random-K,weapon,low,0.696969696969697,11.80012636055653
Random-K,weapon,low,0.7061923583662714,12.161287206312577
Random-K,weapon,low,0.7167325428194994,12.27060528553632
Random-K,weapon,low,0.7272727272727273,12.393884487994175
Random-K,weapon,low,0.7364953886693018,12.349019851821982
Random-K,weapon,low,0.7470355731225297,12.318803110505284
Random-K,weapon,low,0.7575757575757576,12.487404052768447
Random-K,weapon,low,0.766798418972332,12.471653121230096
Random-K,weapon,low,0.7773386034255599,12.443287571251606
Random-K,weapon,low,0.7878787878787878,12.552478419956858
Random-K,weapon,low,0.7971014492753623,12.63963243661155
Random-K,weapon,low,0.8076416337285902,12.601444280302426
Random-K,weapon,low,0.8181818181818182,12.704592582306162
Random-K,weapon,low,0.8274044795783926,12.69780179261892
Random-K,weapon,low,0.8379446640316206,12.766451360000879
Random-K,weapon,low,0.8484848484848485,12.943652307894405
Random-K,weapon,low,0.857707509881423,12.947998905152263
Random-K,weapon,low,0.8682476943346509,13.160010310151447
Random-K,weapon,low,0.8787878787878788,13.418859595248088
Random-K,weapon,low,0.8880105401844532,13.535614367170258
Random-K,weapon,low,0.8985507246376812,13.722037895657675
Random-K,weapon,low,0.9090909090909091,13.82521068684008
Random-K,weapon,low,0.9183135704874835,13.861650158040906
Random-K,weapon,low,0.9288537549407114,14.13146050409142
Random-K,weapon,low,0.9393939393939394,14.19816863285218
Random-K,weapon,low,0.9486166007905138,14.309808334649201
Random-K,weapon,low,0.9591567852437418,14.444738561706899
Random-K,weapon,low,0.9696969696969697,14.530596093637978
Random-K,weapon,low,0.9789196310935442,14.699452336850635
Random-K,weapon,low,0.9894598155467721,14.940104568185884
Random-K,weapon,low,1.0,15.173865829984244
Random-K,weapon,high,0.0013175230566534915,12.0
Random-K,weapon,high,0.010540184453227932,12.195687257073038
Random-K,weapon,high,0.021080368906455864,9.784842178812823
Random-K,weapon,high,0.030303030303030304,9.676109753802002
Random-K,weapon,high,0.04084321475625823,10.143006268389753
Random-K,weapon,high,0.05138339920948617,10.301846617941768
Random-K,weapon,high,0.06060606060606061,9.967352042272465
Random-K,weapon,high,0.07114624505928854,10.604157636875241
Random-K,weapon,high,0.08168642951251646,9.948695544485748
Random-K,weapon,high,0.09090909090909091,9.91401034238621
Random-K,weapon,high,0.10144927536231885,13.78353916721266
Random-K,weapon,high,0.11198945981554677,13.046330341900392
Random-K,weapon,high,0.12121212121212122,21.870651180839875
Random-K,weapon,high,0.13175230566534915,21.76857078828878
Random-K,weapon,high,0.1422924901185771,21.29165732874333
Random-K,weapon,high,0.15151515151515152,21.00900564892056
Random-K,weapon,high,0.16205533596837945,20.087765966267536
Random-K,weapon,high,0.1725955204216074,19.61061191222485
Random-K,weapon,high,0.18181818181818182,19.078905211084834
Random-K,weapon,high,0.19235836627140976,19.083483437196655
Random-K,weapon,high,0.2028985507246377,18.45619435544117
Random-K,weapon,high,0.21212121212121213,18.406088142768848
Random-K,weapon,high,0.22266139657444006,18.11260572944707
Random-K,weapon,high,0.233201581027668,17.700696682713943
Random-K,weapon,high,0.24242424242424243,19.014755063726664
Random-K,weapon,high,0.25296442687747034,19.160004261434327
Random-K,weapon,high,0.2635046113306983,19.154514855474957
Random-K,weapon,high,0.2727272727272727,18.96136225882861
Random-K,weapon,high,0.28326745718050067,18.522100491445496
Random-K,weapon,high,0.2938076416337286,18.84871768781377
Random-K,weapon,high,0.30303030303030304,19.195310336075053
Random-K,weapon,high,0.31357048748353095,18.955430967743027
Random-K,weapon,high,0.3241106719367589,18.491273779565944
Random-K,weapon,high,0.3333333333333333,18.41962061606838
Random-K,weapon,high,0.3438735177865613,18.106111381016362
Random-K,weapon,high,0.3530961791831357,18.113941833674183
Random-K,weapon,high,0.36363636363636365,18.107091403490653
Random-K,weapon,high,0.37417654808959155,17.9076076000417
Random-K,weapon,high,0.383399209486166,17.864824504269926
Random-K,weapon,high,0.3939393939393939,18.62524496188189
Random-K,weapon,high,0.4044795783926219,18.648692893755303
Random-K,weapon,high,0.4137022397891963,18.688076447175693
Random-K,weapon,high,0.42424242424242425,18.4501776054239
Random-K,weapon,high,0.43478260869565216,18.369199654232656
Random-K,weapon,high,0.4440052700922266,18.241342111186025
Random-K,weapon,high,0.45454545454545453,18.12976262519893
Random-K,weapon,high,0.4650856389986825,17.934642769941664
Random-K,weapon,high,0.4743083003952569,17.879550622148574
Random-K,weapon,high,0.48484848484848486,18.124150719666627
Random-K,weapon,high,0.49538866930171277,18.028246580841728
Random-K,weapon,high,0.5046113306982872,18.32829845903849
Random-K,weapon,high,0.5151515151515151,18.398066211998866
Random-K,weapon,high,0.525691699604743,18.360730155852934
Random-K,weapon,high,0.5349143610013175,18.44535016995348
Random-K,weapon,high,0.5454545454545454,18.36355574524773
Random-K,weapon,high,0.5559947299077734,18.324835317924187
Random-K,weapon,high,0.5652173913043478,18.289999148022495
Random-K,weapon,high,0.5757575757575758,18.18329099820606
Random-K,weapon,high,0.5862977602108037,18.217473889074576
Random-K,weapon,high,0.5955204216073782,18.304848558531223
Random-K,weapon,high,0.6060606060606061,18.242180863859275
Random-K,weapon,high,0.616600790513834,18.35109269107816
Random-K,weapon,high,0.6258234519104084,18.34134712288522
Random-K,weapon,high,0.6363636363636364,18.273961240365526
Random-K,weapon,high,0.6469038208168643,18.330669530390004
Random-K,weapon,high,0.6561264822134387,18.450989191728006
Random-K,weapon,high,0.6666666666666666,18.39121705872165
Random-K,weapon,high,0.6758893280632411,18.426678751028597
Random-K,weapon,high,0.686429512516469,18.482061526357793
Random-K,weapon,high,0.696969696969697,18.554838458277427
Random-K,weapon,high,0.7061923583662714,18.936719669418252
Random-K,weapon,high,0.7167325428194994,19.014840154400364
Random-K,weapon,high,0.7272727272727273,19.162524285884135
Random-K,weapon,high,0.7364953886693018,19.072125879563355
Random-K,weapon,high,0.7470355731225297,19.03825043665019
Random-K,weapon,high,0.7575757575757576,19.302694529330783
Random-K,weapon,high,0.766798418972332,19.24224445723548
Random-K,weapon,high,0.7773386034255599,19.219585569031953
Random-K,weapon,high,0.7878787878787878,19.40689328775154
Random-K,weapon,high,0.7971014492753623,19.418285112417458
Random-K,weapon,high,0.8076416337285902,19.330912500825622
Random-K,weapon,high,0.8181818181818182,19.38481924249399
Random-K,weapon,high,0.8274044795783926,19.416861673284316
Random-K,weapon,high,0.8379446640316206,19.476410208719237
Random-K,weapon,high,0.8484848484848485,19.695531605477328
Random-K,weapon,high,0.857707509881423,19.64010279800737
Random-K,weapon,high,0.8682476943346509,19.821275347529507
Random-K,weapon,high,0.8787878787878788,20.074247557336623
Random-K,weapon,high,0.8880105401844532,20.254884867057044
Random-K,weapon,high,0.8985507246376812,20.4195549585484
Random-K,weapon,high,0.9090909090909091,20.484706600166536
Random-K,weapon,high,0.9183135704874835,20.540854287071234
Random-K,weapon,high,0.9288537549407114,20.855861878265394
Random-K,weapon,high,0.9393939393939394,20.922145934759033
Random-K,weapon,high,0.9486166007905138,21.054741379933976
Random-K,weapon,high,0.9591567852437418,21.228183488226232
Random-K,weapon,high,0.9696969696969697,21.33983882520108
Random-K,weapon,high,0.9789196310935442,21.617030185072085
Random-K,weapon,high,0.9894598155467721,21.95093594077281
Random-K,weapon,high,1.0,22.431651664041063
