verdict_1,verdict_2,similarity_scale,similarity_binary_0,similarity_binary_1,feature_vector_1,feature_vector_2
SH-16-04-30406-325,ME-16-02-59812-881,1,0,0,"{""אופן החזקת הנשק"": ""ברכב"", ""אופן קבלת הנשק"": ""רכש"", ""כמות תחמושת"": ""מחסנית ובה 0 כדורים, 2 מחסניות"", ""מספר עבירה"": ""144 א"", ""סוג הנשק [תת מקלע מאולתר]"": 2.0, ""סוג עבירה"": ""החזקה נשק"", ""סטטוס הנשק"": ""נשק מופרד מתחמושת"", ""תכנון"": ""לא""}","{""אופן קבלת הנשק"": ""עבודה"", ""כמות תחמושת"": ""2 מחסניות, 20 כדורים"", ""מטרה-סיבת העבירה"": ""מימון סמים"", ""מספר עבירה"": ""144 ב"", ""סוג הנשק [אקדח]"": 1.0, ""סוג עבירה"": ""סחר בנשק"", ""סטטוס הנשק"": ""תקין"", ""עבירות נוספות"": ""מסירת ידיעה כוזבת על עבירת פשע, לפי סעיף 243 סיפא לחוק; שיבוש הליכי משפט, לפי סעיף 244 לחוק."", ""תכנון"": ""כן""}"
ME-16-05-25902-514,ME-16-11-56385-886,3,1,1,"{""אופן החזקת הנשק"": ""בבית, על גופו"", ""אופן קבלת הנשק"": ""רכש"", ""כמות תחמושת"": ""מחסנית ובה 7 כדורים"", ""מטרה-סיבת העבירה"": ""הגנה עצמית"", ""מספר עבירה"": ""144 א, 144 ב"", ""סוג הנשק [אקדח]"": 1.0, ""סוג עבירה"": ""החזקה נשק, נשיאת נשק"", ""סטטוס הנשק"": ""נשק עם מחסנית בהכנס"", ""תכנון"": ""לא""}","{""אופן החזקת הנשק"": ""על גופו"", ""אופן קבלת הנשק"": ""גנב"", ""מספר עבירה"": ""144 א"", ""סוג הנשק [אקדח]"": 1.0, ""סוג עבירה"": ""החזקה נשק"", ""סטטוס הנשק"": ""נשק עם כדור בקנה"", ""תכנון"": ""לא""}"
ME-18-06-36728-73,ME-16-09-398-589,3,1,1,"{""אופן החזקת הנשק"": ""על גופו"", ""מטרה-סיבת העבירה"": ""סכסוך"", ""מספר עבירה"": ""144 ב"", ""סוג הנשק [אקדח]"": 1.0, ""סוג עבירה"": ""נשיאת נשק"", ""סטטוס הנשק"": ""נשק עם כדור בקנה"", ""עבירות נוספות"": ""עבירות של פציעה, לפי סעיף 334 לחוק העונשין, התשל\""ז-1977"", ""שימוש"": ""כן,ירי"", ""תכנון"": ""לא""}","{""אופן החזקת הנשק"": ""על גופו"", ""מטרה-סיבת העבירה"": ""סכסוך"", ""מספר עבירה"": ""144 ב"", ""סוג הנשק [אקדח]"": 1.0, ""סוג עבירה"": ""נשיאת נשק"", ""סטטוס הנשק"": ""נשק עם כדור בקנה"", ""עבירות נוספות"": ""חבלה חמורה בנסיבות מחמירות, עבירה לפי סעיף 333 + 335(א)(2+1) לחוק העונשין, התשל\""ז-1977 (להלן: \""החוק\"");"", ""שימוש"": ""כן,ירי"", ""תכנון"": ""כן""}"
SH-17-10-10556-234,ME-16-11-13999-863,1,0,0,"{""אופן החזקת הנשק"": ""מוסלק - מוסתר, סמוך לבית"", ""כמות תחמושת"": ""מחסנית ובה 10 כדורים"", ""מספר עבירה"": ""144 א"", ""סוג הנשק [אקדח]"": 2.0, ""סוג עבירה"": ""החזקה נשק"", ""סטטוס הנשק"": ""נשק עם מחסנית בהכנס"", ""תכנון"": ""לא""}","{""אופן החזקת הנשק"": ""ברכב"", ""כמות תחמושת"": ""2 מחסניות"", ""מספר עבירה"": ""144 א, 144 ב"", ""סוג הנשק [אקדח]"": 1.0, ""סוג עבירה"": ""החזקה נשק, נשיאת נשק, הובלת נשק"", ""סטטוס הנשק"": ""נשק עם מחסנית בהכנס"", ""תכנון"": ""לא""}"
SH-17-10-10556-234,m08000207-175,1,0,0,"{""אופן החזקת הנשק"": ""מוסלק - מוסתר, סמוך לבית"", ""כמות תחמושת"": ""מחסנית ובה 10 כדורים"", ""מספר עבירה"": ""144 א"", ""סוג הנשק [אקדח]"": 2.0, ""סוג עבירה"": ""החזקה נשק"", ""סטטוס הנשק"": ""נשק עם מחסנית בהכנס"", ""תכנון"": ""לא""}","{""אופן החזקת הנשק"": ""ברכב"", ""אופן קבלת הנשק"": ""מצא"", ""כמות תחמושת"": ""מחסנית ובה 15 כדורים, מחסנית וסה 10 כדורים"", ""מספר עבירה"": ""144 ב"", ""סוג הנשק [אקדח]"": 1.0, ""סוג עבירה"": ""נשיאת נשק"", ""סטטוס הנשק"": ""נשק עם מחסנית בהכנס"", ""עבירות נוספות"": ""והחזקת סם לצריכה עצמית בלבד, עבירה לפי סעיף 7(א) + (ג) סיפא לפקודת הסמים המסוכנים, התשל\""ג-1973"", ""תכנון"": ""לא""}"
SH-18-06-11098-353,ME-16-03-54615-517,1,0,0,"{""אופן החזקת הנשק"": ""מוסלק - מוסתר"", ""כמות תחמושת"": ""מספר מחסניות"", ""מספר עבירה"": ""144 א"", ""סוג הנשק [רובה סער ]"": 1.0, ""סוג עבירה"": ""החזקה נשק"", ""סטטוס הנשק"": ""נשק מופרד מתחמושת"", ""תכנון"": ""לא""}","{""מטרה-סיבת העבירה"": ""בצע כסף"", ""מספר עבירה"": ""144 ב"", ""סוג הנשק [תת מקלע]"": 2.0, ""סוג עבירה"": ""סחר בנשק"", ""סטטוס הנשק"": ""תקול"", ""שימוש"": ""ניסיון לירי ללא הצלחה"", ""תכנון"": ""כן""}"
ME-17-05-633-549,ME-19-04-1316-977,3,1,1,"{""אופן החזקת הנשק"": ""מוסלק - מוסתר"", ""אופן קבלת הנשק"": ""רכש"", ""כמות תחמושת"": ""2 מחסניות, מאות כדורים, 2 מחסניות ובהן 0 כדורים"", ""מטרה-סיבת העבירה"": ""בצע כסף"", ""מספר עבירה"": ""144 א, 144 ב"", ""סוג הנשק [אקדח]"": 2.0, ""סוג הנשק [תת מקלע מאולתר]"": 1.0, ""סוג עבירה"": ""החזקה נשק, סחר בנשק"", ""סטטוס הנשק"": ""נשק מופרד מתחמושת"", ""תכנון"": ""כן""}","{""אופן החזקת הנשק"": ""ברכב"", ""אופן קבלת הנשק"": ""מאחר"", ""כמות תחמושת"": ""900 כדורים"", ""מטרה-סיבת העבירה"": ""בצע כסף"", ""מספר עבירה"": ""144 ב"", ""סוג הנשק [תת מקלע מאולתר]"": 1.0, ""סוג עבירה"": ""סחר בנשק, ניסיון לסחר"", ""סטטוס הנשק"": ""תקין"", ""תכנון"": ""כן""}"
ME-16-04-12480-812,ME-13-10-28139-807,3,1,1,"{""אופן החזקת הנשק"": ""ברכב, על גופו, מוסלק - מוסתר"", ""כמות תחמושת"": ""מחסנית + 17 כדורים"", ""מטרה-סיבת העבירה"": ""סכסוך"", ""מספר עבירה"": ""144 א, 144 ב"", ""סוג הנשק [תת מקלע מאולתר]"": 1.0, ""סוג עבירה"": ""החזקה נשק, נשיאת נשק, הובלת נשק"", ""סטטוס הנשק"": ""נשק מופרד מתחמושת"", ""עבירות נוספות"": ""יסיון חבלה חמורה בנסיבות מחמירות, איומים "", ""שימוש"": ""כן,ירי"", ""תכנון"": ""כן""}","{""אופן החזקת הנשק"": ""על גופו"", ""מטרה-סיבת העבירה"": ""סכסוך"", ""מספר עבירה"": ""144 א"", ""סוג הנשק [אקדח]"": 1.0, ""סוג עבירה"": ""ביצוע עבירות בנשק"", ""סטטוס הנשק"": ""תקין"", ""עבירות נוספות"": ""ניסיון לחבלה חמורה בנסיבות מחמירות לפי סעיפים 333+335(א)(1) ו-25 לפי החוק."", ""שימוש"": ""כן,ירי"", ""תכנון"": ""כן""}"
ME-17-05-633-549,ME-09-05-16192-355,1,0,0,"{""אופן החזקת הנשק"": ""מוסלק - מוסתר"", ""אופן קבלת הנשק"": ""רכש"", ""כמות תחמושת"": ""2 מחסניות, מאות כדורים, 2 מחסניות ובהן 0 כדורים"", ""מטרה-סיבת העבירה"": ""בצע כסף"", ""מספר עבירה"": ""144 א, 144 ב"", ""סוג הנשק [אקדח]"": 2.0, ""סוג הנשק [תת מקלע מאולתר]"": 1.0, ""סוג עבירה"": ""החזקה נשק, סחר בנשק"", ""סטטוס הנשק"": ""נשק מופרד מתחמושת"", ""תכנון"": ""כן""}","{""אופן החזקת הנשק"": ""ברכב"", ""כמות תחמושת"": ""מחסנית ובה 10 כדורים"", ""מספר עבירה"": ""144 ב"", ""סוג הנשק [תת מקלע]"": 1.0, ""סוג עבירה"": ""נשיאת נשק, הובלת נשק"", ""סטטוס הנשק"": ""נשק מופרד מתחמושת"", ""תכנון"": ""לא""}"
ME-16-05-336-804,ME-15-12-39071-113,1,0,0,"{""אופן החזקת הנשק"": ""ברכב, על גופו"", ""כמות תחמושת"": ""מחסנית ריקה ובה 0 כדורים + מחסנית ריקה ובה 0 כדורים + 26 כדורים"", ""מספר עבירה"": ""144 ב"", ""סוג הנשק [תת מקלע מאולתר]"": 1.0, ""סוג עבירה"": ""נשיאת נשק, הובלת נשק"", ""סטטוס הנשק"": ""נשק מופרד מתחמושת"", ""שימוש"": ""כן,ירי"", ""תכנון"": ""לא""}","{""אופן החזקת הנשק"": ""ברכב, מוסלק - מוסתר"", ""מטרה-סיבת העבירה"": ""הגנה עצמית"", ""מספר עבירה"": ""144 א"", ""סוג הנשק [אקדח]"": 1.0, ""סוג עבירה"": ""החזקה נשק"", ""סטטוס הנשק"": ""תקין"", ""תכנון"": ""לא""}"
ME-16-10-12213-904,ME-09-05-16192-355,3,1,1,"{""אופן החזקת הנשק"": ""ברכב, מוסלק - מוסתר"", ""אופן קבלת הנשק"": ""מצא"", ""כמות תחמושת"": ""מחסנית ריקה ובה 0 כדורים + 1 כדור"", ""מספר עבירה"": ""144 ב"", ""סוג הנשק [תת מקלע מאולתר]"": 1.0, ""סוג עבירה"": ""נשיאת נשק"", ""סטטוס הנשק"": ""נשק מופרד מתחמושת"", ""תכנון"": ""כן""}","{""אופן החזקת הנשק"": ""ברכב"", ""כמות תחמושת"": ""מחסנית ובה 10 כדורים"", ""מספר עבירה"": ""144 ב"", ""סוג הנשק [תת מקלע]"": 1.0, ""סוג עבירה"": ""נשיאת נשק, הובלת נשק"", ""סטטוס הנשק"": ""נשק מופרד מתחמושת"", ""תכנון"": ""לא""}"
ME-16-10-9348-780,SH-10-02-25802-731,1,0,0,"{""אופן החזקת הנשק"": ""בבית, ברכב"", ""אופן קבלת הנשק"": ""גנב"", ""כמות תחמושת"": ""75 כדורים"", ""מטרה-סיבת העבירה"": ""לעורר את אביו"", ""מספר עבירה"": ""144 ב"", ""סוג הנשק [רובה צייד]"": 1.0, ""סוג עבירה"": ""נשיאת נשק"", ""סטטוס הנשק"": ""נשק מופרד מתחמושת"", ""תכנון"": ""לא""}","{""אופן החזקת הנשק"": ""בבית"", ""מספר עבירה"": ""144 א"", ""סוג הנשק [רובה צייד]"": 1.0, ""סוג עבירה"": ""החזקה נשק"", ""סטטוס הנשק"": ""תקול"", ""עבירות נוספות"": ""החזקת חלק-אבזר תחמושת של כלי נשק"", ""תכנון"": ""לא""}"
ME-16-05-25902-514,ME-12-05-33444-999,3,1,1,"{""אופן החזקת הנשק"": ""בבית, על גופו"", ""אופן קבלת הנשק"": ""רכש"", ""כמות תחמושת"": ""מחסנית ובה 7 כדורים"", ""מטרה-סיבת העבירה"": ""הגנה עצמית"", ""מספר עבירה"": ""144 א, 144 ב"", ""סוג הנשק [אקדח]"": 1.0, ""סוג עבירה"": ""החזקה נשק, נשיאת נשק"", ""סטטוס הנשק"": ""נשק עם מחסנית בהכנס"", ""תכנון"": ""לא""}","{""אופן החזקת הנשק"": ""ברכב, מוסלק - מוסתר"", ""כמות תחמושת"": ""3 מחסניות"", ""מטרה-סיבת העבירה"": ""הגנה עצמית"", ""מספר עבירה"": ""144 א"", ""סוג הנשק [אקדח]"": 1.0, ""סוג עבירה"": ""החזקה נשק"", ""סטטוס הנשק"": ""נשק עם מחסנית בהכנס"", ""תכנון"": ""לא""}"
ME-15-08-44579-251,ME-14-12-6904-57,2,0,1,"{""אופן החזקת הנשק"": ""ברכב, מוסלק - מוסתר"", ""כמות תחמושת"": ""מחסנית ובה 0 כדורים"", ""מספר עבירה"": ""144 ב"", ""סוג הנשק [אקדח]"": 1.0, ""סוג עבירה"": ""נשיאת נשק"", ""סטטוס הנשק"": ""נשק מופרד מתחמושת"", ""תכנון"": ""לא""}","{""אופן החזקת הנשק"": ""בבית, על גופו, מוסלק - מוסתר"", ""אופן קבלת הנשק"": ""רכש"", ""כמות תחמושת"": ""מחסנית"", ""מטרה-סיבת העבירה"": ""הגנה עצמית"", ""מספר עבירה"": ""144 ב"", ""סוג הנשק [תת מקלע מאולתר]"": 1.0, ""סוג עבירה"": ""נשיאת נשק, הובלת נשק"", ""סטטוס הנשק"": ""נשק מופרד מתחמושת"", ""עבירות נוספות"": ""החזקת סם לצריכה עצמית"", ""תכנון"": ""כן""}"
ME-17-05-633-549,ME-16-03-54615-517,2,0,1,"{""אופן החזקת הנשק"": ""מוסלק - מוסתר"", ""אופן קבלת הנשק"": ""רכש"", ""כמות תחמושת"": ""2 מחסניות, מאות כדורים, 2 מחסניות ובהן 0 כדורים"", ""מטרה-סיבת העבירה"": ""בצע כסף"", ""מספר עבירה"": ""144 א, 144 ב"", ""סוג הנשק [אקדח]"": 2.0, ""סוג הנשק [תת מקלע מאולתר]"": 1.0, ""סוג עבירה"": ""החזקה נשק, סחר בנשק"", ""סטטוס הנשק"": ""נשק מופרד מתחמושת"", ""תכנון"": ""כן""}","{""מטרה-סיבת העבירה"": ""בצע כסף"", ""מספר עבירה"": ""144 ב"", ""סוג הנשק [תת מקלע]"": 2.0, ""סוג עבירה"": ""סחר בנשק"", ""סטטוס הנשק"": ""תקול"", ""שימוש"": ""ניסיון לירי ללא הצלחה"", ""תכנון"": ""כן""}"
ME-20-01-62688-591,ME-16-09-398-589,3,1,1,"{""אופן החזקת הנשק"": ""ברכב, על גופו"", ""מטרה-סיבת העבירה"": ""סכסוך"", ""מספר עבירה"": ""144 ב"", ""סוג הנשק [אקדח]"": 1.0, ""סוג עבירה"": ""נשיאת נשק, הובלת נשק"", ""סטטוס הנשק"": ""נשק עם כדור בקנה"", ""עבירות נוספות"": ""חבלה בכוונה מחמירה - עבירה לפי סעיף 329 (א)(1) לחוק העונשין; החזקת סם מסוכן לצריכה עצמית - עבירה לפי סעיף 7(א) + (ג) סיפא לפקודת הסמים המסוכנים [נוסח חדש], התשל\""ג-1973."", ""שימוש"": ""כן,ירי"", ""תכנון"": ""כן""}","{""אופן החזקת הנשק"": ""על גופו"", ""מטרה-סיבת העבירה"": ""סכסוך"", ""מספר עבירה"": ""144 ב"", ""סוג הנשק [אקדח]"": 1.0, ""סוג עבירה"": ""נשיאת נשק"", ""סטטוס הנשק"": ""נשק עם כדור בקנה"", ""עבירות נוספות"": ""חבלה חמורה בנסיבות מחמירות, עבירה לפי סעיף 333 + 335(א)(2+1) לחוק העונשין, התשל\""ז-1977 (להלן: \""החוק\"");"", ""שימוש"": ""כן,ירי"", ""תכנון"": ""כן""}"
ME-16-06-42987-901,ME-16-06-44840-433,3,1,1,"{""אופן קבלת הנשק"": ""מאחר"", ""כמות תחמושת"": ""כדור"", ""מטרה-סיבת העבירה"": ""סכסוך"", ""מספר עבירה"": ""144 ב"", ""סוג הנשק - אם לא נמצא בטבלה"": ""כלי נשק מאולתר"", ""סוג הנשק [רימון הלם/גז]"": 4.0, ""סוג עבירה"": ""נשיאת נשק"", ""סטטוס הנשק"": ""נשק עם כדור בקנה"", ""עבירות נוספות"": ""איומים לפי סעיף 192 לחוק; חבלה מחמירה לפי סעיף 329(א)(2) לחוק וניסיון תקיפה בנסיבות מחמירות לפי סעיפים 382(א) + 25 לחוק העונשין. חמש עבירות של סחר בסמים לפי סעיפים 13+19א' לפקודת הסמים המסוכנים [נוסח חדש] תשל\""ג-1973 ובעבירה אחת של החזקת סם שלא לשימוש עצמי לפי סעיפים 7(א) + 7(ג) רישא לפקודה זו.עבירה של גניבה לפי סעיף 384 לחוק העונשין."", ""שימוש"": ""ניסיון לירי ללא הצלחה, זריקת רימון"", ""תכנון"": ""כן""}","{""אופן החזקת הנשק"": ""ברכב, מוסלק - מוסתר"", ""אופן קבלת הנשק"": ""מאחר"", ""מטרה-סיבת העבירה"": ""סכסוך"", ""מספר עבירה"": ""144 א, 144 ב"", ""סוג הנשק [רימון הלם/גז]"": 2.0, ""סוג הנשק [רימון רסס]"": 1.0, ""סוג עבירה"": ""החזקה נשק, נשיאת נשק"", ""סטטוס הנשק"": ""תקין"", ""עבירות נוספות"": ""סיוע לנסיון לתקיפה לפי סעיפים 379 + 25 + 31 לחוק"", ""שימוש"": ""זריקת רימון"", ""תכנון"": ""כן""}"
ME-21-10-18557-340,SH-11-01-41775-497,1,0,0,"{""אופן החזקת הנשק"": ""ברכב, על גופו"", ""כמות תחמושת"": ""מחסנית + 2 כדורים"", ""מטרה-סיבת העבירה"": ""סכסוך"", ""מספר עבירה"": ""144 א, 144 ב"", ""סוג הנשק [תת מקלע מאולתר]"": 1.0, ""סוג עבירה"": ""החזקה נשק, נשיאת נשק, הובלת נשק"", ""סטטוס הנשק"": ""נשק עם כדור בקנה"", ""עבירות נוספות"": ""ירי מנשק חם"", ""שימוש"": ""כן,ירי"", ""תכנון"": ""לא""}","{""אופן החזקת הנשק"": ""בבית, ברכב"", ""כמות תחמושת"": ""מחסנית ריקה ובה 0 כדורים + 34 כדורים"", ""מטרה-סיבת העבירה"": ""הגנה עצמית"", ""סוג הנשק [אקדח]"": 1.0, ""סוג עבירה"": ""החזקה נשק, נשיאת נשק"", ""סטטוס הנשק"": ""נשק מופרד מתחמושת"", ""תכנון"": ""לא""}"
ME-16-06-42987-901,ME-14-10-31218-522,1,0,0,"{""אופן קבלת הנשק"": ""מאחר"", ""כמות תחמושת"": ""כדור"", ""מטרה-סיבת העבירה"": ""סכסוך"", ""מספר עבירה"": ""144 ב"", ""סוג הנשק - אם לא נמצא בטבלה"": ""כלי נשק מאולתר"", ""סוג הנשק [רימון הלם/גז]"": 4.0, ""סוג עבירה"": ""נשיאת נשק"", ""סטטוס הנשק"": ""נשק עם כדור בקנה"", ""עבירות נוספות"": ""איומים לפי סעיף 192 לחוק; חבלה מחמירה לפי סעיף 329(א)(2) לחוק וניסיון תקיפה בנסיבות מחמירות לפי סעיפים 382(א) + 25 לחוק העונשין. חמש עבירות של סחר בסמים לפי סעיפים 13+19א' לפקודת הסמים המסוכנים [נוסח חדש] תשל\""ג-1973 ובעבירה אחת של החזקת סם שלא לשימוש עצמי לפי סעיפים 7(א) + 7(ג) רישא לפקודה זו.עבירה של גניבה לפי סעיף 384 לחוק העונשין."", ""שימוש"": ""ניסיון לירי ללא הצלחה, זריקת רימון"", ""תכנון"": ""כן""}","{""אופן החזקת הנשק"": ""על גופו"", ""מספר עבירה"": ""144 א"", ""סוג הנשק [רימון הלם/גז]"": 1.0, ""סוג עבירה"": ""החזקה נשק"", ""סטטוס הנשק"": ""תקין"", ""שימוש"": ""זריקת רימון"", ""תכנון"": ""לא""}"
ME-18-05-32659-754,ME-15-02-9111-399,1,0,0,"{""אופן החזקת הנשק"": ""ברכב"", ""כמות תחמושת"": ""מחסנית ובה 0 כדורים, 9 כדורים, 10 כדורים"", ""מספר עבירה"": ""144 ב"", ""סוג הנשק [רימון הלם/גז]"": 2.0, ""סוג הנשק [תת מקלע מאולתר]"": 1.0, ""סוג עבירה"": ""נשיאת נשק, הובלת נשק"", ""סטטוס הנשק"": ""נשק מופרד מתחמושת"", ""עבירות נוספות"": ""הפרעה לשוטר במילוי תפקידו לפי סעיף 275 לחוק"", ""תכנון"": ""לא""}","{""אופן החזקת הנשק"": ""על גופו"", ""כמות תחמושת"": ""מחסנית ובה 13 כדורים"", ""מספר עבירה"": ""144 א"", ""סוג הנשק [אקדח]"": 1.0, ""סטטוס הנשק"": ""נשק מופרד מתחמושת"", ""תכנון"": ""לא""}"
ME-16-05-336-804,ME-16-11-69158-529,2,0,1,"{""אופן החזקת הנשק"": ""ברכב, על גופו"", ""כמות תחמושת"": ""מחסנית ריקה ובה 0 כדורים + מחסנית ריקה ובה 0 כדורים + 26 כדורים"", ""מספר עבירה"": ""144 ב"", ""סוג הנשק [תת מקלע מאולתר]"": 1.0, ""סוג עבירה"": ""נשיאת נשק, הובלת נשק"", ""סטטוס הנשק"": ""נשק מופרד מתחמושת"", ""שימוש"": ""כן,ירי"", ""תכנון"": ""לא""}","{""אופן החזקת הנשק"": ""ברכב, מוסלק - מוסתר, סמוך לבית"", ""כמות תחמושת"": ""מחסנית"", ""מטרה-סיבת העבירה"": ""חתונה"", ""מספר עבירה"": ""144 ב"", ""סוג הנשק [תת מקלע]"": 1.0, ""סוג עבירה"": ""נשיאת נשק"", ""סטטוס הנשק"": ""נשק עם כדור בקנה"", ""עבירות נוספות"": ""ירי באזור מגורים"", ""שימוש"": ""כן,ירי"", ""תכנון"": ""כן""}"
SH-17-10-10556-234,m07001074-98,2,0,1,"{""אופן החזקת הנשק"": ""מוסלק - מוסתר, סמוך לבית"", ""כמות תחמושת"": ""מחסנית ובה 10 כדורים"", ""מספר עבירה"": ""144 א"", ""סוג הנשק [אקדח]"": 2.0, ""סוג עבירה"": ""החזקה נשק"", ""סטטוס הנשק"": ""נשק עם מחסנית בהכנס"", ""תכנון"": ""לא""}","{""אופן החזקת הנשק"": ""בבית, מוסלק - מוסתר"", ""אופן קבלת הנשק"": ""מצא"", ""כמות תחמושת"": ""מחסנית ריקה ובה 0 כדורים + מחסנית ריקה ובה 0 כדורים"", ""מספר עבירה"": ""144 א"", ""סוג הנשק [תת מקלע]"": 1.0, ""סוג עבירה"": ""החזקה נשק"", ""סטטוס הנשק"": ""נשק מפורק, תקול"", ""תכנון"": ""לא""}"
SH-19-07-60805-168,ME-14-10-31218-522,1,0,0,"{""אופן החזקת הנשק"": ""ברכב, מוסלק - מוסתר"", ""כמות תחמושת"": ""מחסנית ובה 10 כדורים"", ""מספר עבירה"": ""144 א"", ""סוג הנשק [אקדח]"": 1.0, ""סוג עבירה"": ""החזקה נשק"", ""סטטוס הנשק"": ""נשק עם מחסנית בהכנס"", ""תכנון"": ""לא""}","{""אופן החזקת הנשק"": ""על גופו"", ""מספר עבירה"": ""144 א"", ""סוג הנשק [רימון הלם/גז]"": 1.0, ""סוג עבירה"": ""החזקה נשק"", ""סטטוס הנשק"": ""תקין"", ""שימוש"": ""זריקת רימון"", ""תכנון"": ""לא""}"
ME-16-06-44840-433,SH-11-05-24791-315,1,0,0,"{""אופן החזקת הנשק"": ""ברכב, מוסלק - מוסתר"", ""אופן קבלת הנשק"": ""מאחר"", ""מטרה-סיבת העבירה"": ""סכסוך"", ""מספר עבירה"": ""144 א, 144 ב"", ""סוג הנשק [רימון הלם/גז]"": 2.0, ""סוג הנשק [רימון רסס]"": 1.0, ""סוג עבירה"": ""החזקה נשק, נשיאת נשק"", ""סטטוס הנשק"": ""תקין"", ""עבירות נוספות"": ""סיוע לנסיון לתקיפה לפי סעיפים 379 + 25 + 31 לחוק"", ""שימוש"": ""זריקת רימון"", ""תכנון"": ""כן""}","{""אופן החזקת הנשק"": ""בבית"", ""אופן קבלת הנשק"": ""מאחר"", ""כמות תחמושת"": ""2 מחסניות"", ""מספר עבירה"": ""144 א"", ""סוג הנשק [אקדח]"": 1.0, ""סוג עבירה"": ""החזקה נשק"", ""סטטוס הנשק"": ""נשק מופרד מתחמושת"", ""תכנון"": ""לא""}"
ME-16-08-229-604,ME-16-05-19384-544,1,0,0,"{""אופן החזקת הנשק"": ""בבית, ברכב"", ""אופן קבלת הנשק"": ""מאחר"", ""מטרה-סיבת העבירה"": ""פיגוע, חגיגה"", ""מספר עבירה"": ""144 א, 144 ב"", ""סוג הנשק - אם לא נמצא בטבלה"": ""בקבוק תבערה"", ""סוג הנשק [אקדח]"": 1.0, ""סוג הנשק [רובה סער ]"": 1.0, ""סוג עבירה"": ""החזקה נשק, נשיאת נשק, ייצור נשק"", ""סטטוס הנשק"": ""תקין"", ""עבירות נוספות"": ""בעבירה של חבלה בכוונה מחמירה, לפי סעיף 329(א)(2) בצירוף סעיף 29 לחוק העונשין תשל\""ז – 1977 (להלן: \""החוק\""); בעבירה של גניבת רכב, לפי סעיף 413ב(א) לחוק; בעבירה של ניסיון הצתה, לפי סעיף 448(א) רישא בצירוף סעיף 25 לחוק; ובעבירה של ירי בשטח בנוי, לפי סעיף 340 א לחוק."", ""שימוש"": ""כן,ירי"", ""תכנון"": ""כן""}","{""אופן החזקת הנשק"": ""מוסלק - מוסתר, סמוך לבית"", ""אופן קבלת הנשק"": ""רכש"", ""כמות תחמושת"": ""10 כדורים"", ""מטרה-סיבת העבירה"": ""בצע כסף"", ""מספר עבירה"": ""144 א, 144 ב"", ""סוג הנשק [רובה סער ]"": 1.0, ""סוג הנשק [תת מקלע]"": 3.0, ""סוג עבירה"": ""נשיאת נשק, סחר בנשק"", ""סטטוס הנשק"": ""נשק עם כדור בקנה"", ""עבירות נוספות"": ""ניסיון לחבלה חמורה,רכישת נשק "", ""שימוש"": ""כן,ירי"", ""תכנון"": ""כן""}"
ME-16-02-18397-87,ME-20-01-62688-591,1,0,0,"{""אופן החזקת הנשק"": ""ברכב, מוסלק - מוסתר"", ""כמות תחמושת"": ""כדורים"", ""מספר עבירה"": ""144 ב"", ""סוג הנשק [אקדח]"": 1.0, ""סוג עבירה"": ""נשיאת נשק, הובלת נשק"", ""סטטוס הנשק"": ""תקול"", ""עבירות נוספות"": ""נהיגה ללא רישיון, נהיגה ללא ביטוח וללא רישיון רכב"", ""תכנון"": ""לא""}","{""אופן החזקת הנשק"": ""ברכב, על גופו"", ""מטרה-סיבת העבירה"": ""סכסוך"", ""מספר עבירה"": ""144 ב"", ""סוג הנשק [אקדח]"": 1.0, ""סוג עבירה"": ""נשיאת נשק, הובלת נשק"", ""סטטוס הנשק"": ""נשק עם כדור בקנה"", ""עבירות נוספות"": ""חבלה בכוונה מחמירה - עבירה לפי סעיף 329 (א)(1) לחוק העונשין; החזקת סם מסוכן לצריכה עצמית - עבירה לפי סעיף 7(א) + (ג) סיפא לפקודת הסמים המסוכנים [נוסח חדש], התשל\""ג-1973."", ""שימוש"": ""כן,ירי"", ""תכנון"": ""כן""}"
sh-10-05-7434-952,ME-15-06-12109-344,1,0,0,"{""אופן החזקת הנשק"": ""בבית, מוסלק - מוסתר"", ""כמות תחמושת"": ""מחסנית"", ""מספר עבירה"": ""144 א"", ""סוג הנשק [אקדח]"": 2.0, ""סוג עבירה"": ""החזקה נשק"", ""סטטוס הנשק"": ""נשק מופרד מתחמושת"", ""תכנון"": ""לא""}","{""אופן החזקת הנשק"": ""ברכב"", ""מספר עבירה"": ""144 ב"", ""סוג הנשק [אקדח]"": 1.0, ""סוג עבירה"": ""נשיאת נשק, הובלת נשק"", ""סטטוס הנשק"": ""תקין"", ""תכנון"": ""כן""}"
ME-16-06-44840-433,SH-09-05-9349-998,1,0,0,"{""אופן החזקת הנשק"": ""ברכב, מוסלק - מוסתר"", ""אופן קבלת הנשק"": ""מאחר"", ""מטרה-סיבת העבירה"": ""סכסוך"", ""מספר עבירה"": ""144 א, 144 ב"", ""סוג הנשק [רימון הלם/גז]"": 2.0, ""סוג הנשק [רימון רסס]"": 1.0, ""סוג עבירה"": ""החזקה נשק, נשיאת נשק"", ""סטטוס הנשק"": ""תקין"", ""עבירות נוספות"": ""סיוע לנסיון לתקיפה לפי סעיפים 379 + 25 + 31 לחוק"", ""שימוש"": ""זריקת רימון"", ""תכנון"": ""כן""}","{""אופן החזקת הנשק"": ""בבית"", ""כמות תחמושת"": ""מחסנית ובה 0 כדורים, 26 כדורים"", ""מספר עבירה"": ""144 א"", ""סוג הנשק [אקדח]"": 1.0, ""סוג עבירה"": ""החזקה נשק"", ""סטטוס הנשק"": ""נשק מופרד מתחמושת"", ""תכנון"": ""לא""}"
ME-16-08-44157-713,ME-15-11-45465-294,3,1,1,"{""אופן החזקת הנשק"": ""בבית"", ""כמות תחמושת"": ""מחסנית"", ""מטרה-סיבת העבירה"": ""בצע כסף"", ""מספר עבירה"": ""144 ב"", ""סוג הנשק [תת מקלע מאולתר]"": 1.0, ""סוג הנשק [תת מקלע]"": 1.0, ""סוג עבירה"": ""סחר בנשק"", ""סטטוס הנשק"": ""נשק מופרד מתחמושת"", ""עבירות נוספות"": ""קשירת קשר לביצוע פשע"", ""תכנון"": ""כן""}","{""אופן החזקת הנשק"": ""ברכב"", ""כמות תחמושת"": ""3 מחסניות"", ""מטרה-סיבת העבירה"": ""בצע כסף"", ""מספר עבירה"": ""144 ב"", ""סוג הנשק [תת מקלע]"": 2.0, ""סוג עבירה"": ""נשיאת נשק, סחר בנשק"", ""סטטוס הנשק"": ""נשק מופרד מתחמושת"", ""תכנון"": ""כן""}"
ME-15-06-12109-344,ME-12-04-33577-700,1,0,0,"{""אופן החזקת הנשק"": ""ברכב"", ""מספר עבירה"": ""144 ב"", ""סוג הנשק [אקדח]"": 1.0, ""סוג עבירה"": ""נשיאת נשק, הובלת נשק"", ""סטטוס הנשק"": ""תקין"", ""תכנון"": ""כן""}","{""אופן החזקת הנשק"": ""על גופו"", ""מטרה-סיבת העבירה"": ""סכסוך"", ""מספר עבירה"": ""144 א, 144 ב"", ""סוג הנשק [אקדח]"": 1.0, ""סוג עבירה"": ""החזקה נשק, נשיאת נשק"", ""סטטוס הנשק"": ""תקין"", ""עבירות נוספות"": ""חבלה בכוונה מחמירה, עבירה לפי סעיף 329(א)(2) לחוק העונשין ויריות באזור מגורים, עבירה לפי סעיף 340(א) לחוק העונשין."", ""שימוש"": ""כן,ירי"", ""תכנון"": ""כן""}"
ME-17-08-28615-573,ME-16-05-336-804,2,0,1,"{""אופן החזקת הנשק"": ""על גופו"", ""כמות תחמושת"": ""מחסנית ובה 9 כדורים, 50 כדורים"", ""מספר עבירה"": ""144 א, 144 ב"", ""סוג הנשק [רימון הלם/גז]"": 1.0, ""סוג הנשק [תת מקלע מאולתר]"": 1.0, ""סוג עבירה"": ""החזקה נשק, נשיאת נשק"", ""סטטוס הנשק"": ""נשק מופרד מתחמושת"", ""עבירות נוספות"": ""הפרעה לשוטר במילוי תפקידו, לפי סעיף 275 לחוק העונשין"", ""תכנון"": ""כן""}","{""אופן החזקת הנשק"": ""ברכב, על גופו"", ""כמות תחמושת"": ""מחסנית ריקה ובה 0 כדורים + מחסנית ריקה ובה 0 כדורים + 26 כדורים"", ""מספר עבירה"": ""144 ב"", ""סוג הנשק [תת מקלע מאולתר]"": 1.0, ""סוג עבירה"": ""נשיאת נשק, הובלת נשק"", ""סטטוס הנשק"": ""נשק מופרד מתחמושת"", ""שימוש"": ""כן,ירי"", ""תכנון"": ""לא""}"
ME-16-05-25902-514,SH-17-08-47445-166,1,0,0,"{""אופן החזקת הנשק"": ""בבית, על גופו"", ""אופן קבלת הנשק"": ""רכש"", ""כמות תחמושת"": ""מחסנית ובה 7 כדורים"", ""מטרה-סיבת העבירה"": ""הגנה עצמית"", ""מספר עבירה"": ""144 א, 144 ב"", ""סוג הנשק [אקדח]"": 1.0, ""סוג עבירה"": ""החזקה נשק, נשיאת נשק"", ""סטטוס הנשק"": ""נשק עם מחסנית בהכנס"", ""תכנון"": ""לא""}","{""אופן החזקת הנשק"": ""בבית"", ""מספר עבירה"": ""144 א"", ""סוג הנשק [אקדח]"": 1.0, ""סוג הנשק [תת מקלע מאולתר]"": 1.0, ""סוג עבירה"": ""החזקה נשק"", ""סטטוס הנשק"": ""תקין"", ""תכנון"": ""לא""}"
ME-16-05-336-804,ME-14-12-6904-57,3,1,1,"{""אופן החזקת הנשק"": ""ברכב, על גופו"", ""כמות תחמושת"": ""מחסנית ריקה ובה 0 כדורים + מחסנית ריקה ובה 0 כדורים + 26 כדורים"", ""מספר עבירה"": ""144 ב"", ""סוג הנשק [תת מקלע מאולתר]"": 1.0, ""סוג עבירה"": ""נשיאת נשק, הובלת נשק"", ""סטטוס הנשק"": ""נשק מופרד מתחמושת"", ""שימוש"": ""כן,ירי"", ""תכנון"": ""לא""}","{""אופן החזקת הנשק"": ""בבית, על גופו, מוסלק - מוסתר"", ""אופן קבלת הנשק"": ""רכש"", ""כמות תחמושת"": ""מחסנית"", ""מטרה-סיבת העבירה"": ""הגנה עצמית"", ""מספר עבירה"": ""144 ב"", ""סוג הנשק [תת מקלע מאולתר]"": 1.0, ""סוג עבירה"": ""נשיאת נשק, הובלת נשק"", ""סטטוס הנשק"": ""נשק מופרד מתחמושת"", ""עבירות נוספות"": ""החזקת סם לצריכה עצמית"", ""תכנון"": ""כן""}"
SH-19-07-60805-168,ME-20-01-17935-7,1,0,0,"{""אופן החזקת הנשק"": ""ברכב, מוסלק - מוסתר"", ""כמות תחמושת"": ""מחסנית ובה 10 כדורים"", ""מספר עבירה"": ""144 א"", ""סוג הנשק [אקדח]"": 1.0, ""סוג עבירה"": ""החזקה נשק"", ""סטטוס הנשק"": ""נשק עם מחסנית בהכנס"", ""תכנון"": ""לא""}","{""אופן החזקת הנשק"": ""בבית"", ""מספר עבירה"": ""144 א, 144 ב"", ""סוג הנשק [תת מקלע מאולתר]"": 1.0, ""סוג עבירה"": ""החזקה נשק, נשיאת נשק"", ""סטטוס הנשק"": ""תקול"", ""עבירות נוספות"": ""הפרעה לשוטר"", ""תכנון"": ""לא""}"
ME-15-12-39071-113,ME-09-11-7566-913,3,1,1,"{""אופן החזקת הנשק"": ""ברכב, מוסלק - מוסתר"", ""מטרה-סיבת העבירה"": ""הגנה עצמית"", ""מספר עבירה"": ""144 א"", ""סוג הנשק [אקדח]"": 1.0, ""סוג עבירה"": ""החזקה נשק"", ""סטטוס הנשק"": ""תקין"", ""תכנון"": ""לא""}","{""אופן החזקת הנשק"": ""ברכב"", ""אופן קבלת הנשק"": ""מצא"", ""מספר עבירה"": ""144 א, 144 ב"", ""סוג הנשק [אקדח]"": 1.0, ""סוג עבירה"": ""ביצוע עבירות בנשק"", ""סטטוס הנשק"": ""תקול"", ""תכנון"": ""לא""}"
ME-19-04-1316-977,SH-11-05-24791-315,1,0,0,"{""אופן החזקת הנשק"": ""ברכב"", ""אופן קבלת הנשק"": ""מאחר"", ""כמות תחמושת"": ""900 כדורים"", ""מטרה-סיבת העבירה"": ""בצע כסף"", ""מספר עבירה"": ""144 ב"", ""סוג הנשק [תת מקלע מאולתר]"": 1.0, ""סוג עבירה"": ""סחר בנשק, ניסיון לסחר"", ""סטטוס הנשק"": ""תקין"", ""תכנון"": ""כן""}","{""אופן החזקת הנשק"": ""בבית"", ""אופן קבלת הנשק"": ""מאחר"", ""כמות תחמושת"": ""2 מחסניות"", ""מספר עבירה"": ""144 א"", ""סוג הנשק [אקדח]"": 1.0, ""סוג עבירה"": ""החזקה נשק"", ""סטטוס הנשק"": ""נשק מופרד מתחמושת"", ""תכנון"": ""לא""}"
ME-15-12-39071-113,ME-13-02-28360-614,1,0,0,"{""אופן החזקת הנשק"": ""ברכב, מוסלק - מוסתר"", ""מטרה-סיבת העבירה"": ""הגנה עצמית"", ""מספר עבירה"": ""144 א"", ""סוג הנשק [אקדח]"": 1.0, ""סוג עבירה"": ""החזקה נשק"", ""סטטוס הנשק"": ""תקין"", ""תכנון"": ""לא""}","{""אופן החזקת הנשק"": ""ברכב"", ""מספר עבירה"": ""144 ב"", ""סוג הנשק [אקדח]"": 1.0, ""סוג עבירה"": ""נשיאת נשק"", ""סטטוס הנשק"": ""נשק עם כדור בקנה"", ""עבירות נוספות"": ""הפרעה לשוטר במילוי תפקידו,נהיגה ללא רישיון,נהיגה ללא ביטוח',נהיגה תחת השפעת משקאות משכרים"", ""שימוש"": ""כן,ירי"", ""תכנון"": ""לא""}"
ME-16-02-59812-881,ME-22-03-52964-443,3,1,1,"{""אופן קבלת הנשק"": ""עבודה"", ""כמות תחמושת"": ""2 מחסניות, 20 כדורים"", ""מטרה-סיבת העבירה"": ""מימון סמים"", ""מספר עבירה"": ""144 ב"", ""סוג הנשק [אקדח]"": 1.0, ""סוג עבירה"": ""סחר בנשק"", ""סטטוס הנשק"": ""תקין"", ""עבירות נוספות"": ""מסירת ידיעה כוזבת על עבירת פשע, לפי סעיף 243 סיפא לחוק; שיבוש הליכי משפט, לפי סעיף 244 לחוק."", ""תכנון"": ""כן""}","{""אופן החזקת הנשק"": ""על גופו"", ""כמות תחמושת"": ""מחסנית ובה 16 כדורים, מחסנית ובה 16 כדורים"", ""מטרה-סיבת העבירה"": ""סכסוך"", ""מספר עבירה"": ""144 א, 144 ב"", ""סוג הנשק [אקדח]"": 1.0, ""סוג עבירה"": ""החזקה נשק, נשיאת נשק, הובלת נשק"", ""סטטוס הנשק"": ""נשק עם מחסנית בהכנס"", ""עבירות נוספות"": ""עבירת הפרעה לשוטר במילוי תפקידו לפי סעיף 275 לחוק."", ""תכנון"": ""כן""}"
ME-20-01-62688-591,ME-17-05-35227-215,1,0,0,"{""אופן החזקת הנשק"": ""ברכב, על גופו"", ""מטרה-סיבת העבירה"": ""סכסוך"", ""מספר עבירה"": ""144 ב"", ""סוג הנשק [אקדח]"": 1.0, ""סוג עבירה"": ""נשיאת נשק, הובלת נשק"", ""סטטוס הנשק"": ""נשק עם כדור בקנה"", ""עבירות נוספות"": ""חבלה בכוונה מחמירה - עבירה לפי סעיף 329 (א)(1) לחוק העונשין; החזקת סם מסוכן לצריכה עצמית - עבירה לפי סעיף 7(א) + (ג) סיפא לפקודת הסמים המסוכנים [נוסח חדש], התשל\""ג-1973."", ""שימוש"": ""כן,ירי"", ""תכנון"": ""כן""}","{""אופן החזקת הנשק"": ""ברכב"", ""כמות תחמושת"": ""מחסנית"", ""מספר עבירה"": ""144 ב"", ""סוג הנשק [תת מקלע מאולתר]"": 1.0, ""סוג עבירה"": ""נשיאת נשק, הובלת נשק"", ""סטטוס הנשק"": ""נשק עם מחסנית בהכנס"", ""תכנון"": ""כן""}"
ME-16-06-64845-657,ME-12-03-13401-281,1,0,0,"{""אופן החזקת הנשק"": ""ברכב"", ""כמות תחמושת"": ""מחסנית ובה 0 כדורים, 11 כדורים"", ""מספר עבירה"": ""144 ב"", ""סוג הנשק [אקדח]"": 1.0, ""סוג עבירה"": ""נשיאת נשק, הובלת נשק"", ""סטטוס הנשק"": ""נשק מופרד מתחמושת"", ""תכנון"": ""לא""}","{""אופן החזקת הנשק"": ""ברכב"", ""כמות תחמושת"": ""2 מחסניות ובהן כדורים, 11 כדורים"", ""מספר עבירה"": ""144 א, 144 ב"", ""סוג הנשק [אקדח]"": 1.0, ""סוג עבירה"": ""החזקה נשק, נשיאת נשק, הובלת נשק"", ""סטטוס הנשק"": ""נשק עם כדור בקנה"", ""עבירות נוספות"": ""יריות באזור מגורים - עבירה לפי סעיף 340א לחוק."", ""שימוש"": ""כן,ירי"", ""תכנון"": ""לא""}"
SH-14-02-28659-762,ME-16-05-19384-544,1,0,0,"{""אופן החזקת הנשק"": ""בבית"", ""כמות תחמושת"": ""מחסנית וכדורים"", ""מטרה-סיבת העבירה"": ""הגנה עצמית"", ""מספר עבירה"": ""144 א"", ""סוג הנשק [תת מקלע]"": 1.0, ""סוג עבירה"": ""החזקה נשק"", ""סטטוס הנשק"": ""נשק מופרד מתחמושת"", ""תכנון"": ""לא""}","{""אופן החזקת הנשק"": ""מוסלק - מוסתר, סמוך לבית"", ""אופן קבלת הנשק"": ""רכש"", ""כמות תחמושת"": ""10 כדורים"", ""מטרה-סיבת העבירה"": ""בצע כסף"", ""מספר עבירה"": ""144 א, 144 ב"", ""סוג הנשק [רובה סער ]"": 1.0, ""סוג הנשק [תת מקלע]"": 3.0, ""סוג עבירה"": ""נשיאת נשק, סחר בנשק"", ""סטטוס הנשק"": ""נשק עם כדור בקנה"", ""עבירות נוספות"": ""ניסיון לחבלה חמורה,רכישת נשק "", ""שימוש"": ""כן,ירי"", ""תכנון"": ""כן""}"
ME-20-01-62688-591,ME-22-03-52964-443,1,0,0,"{""אופן החזקת הנשק"": ""ברכב, על גופו"", ""מטרה-סיבת העבירה"": ""סכסוך"", ""מספר עבירה"": ""144 ב"", ""סוג הנשק [אקדח]"": 1.0, ""סוג עבירה"": ""נשיאת נשק, הובלת נשק"", ""סטטוס הנשק"": ""נשק עם כדור בקנה"", ""עבירות נוספות"": ""חבלה בכוונה מחמירה - עבירה לפי סעיף 329 (א)(1) לחוק העונשין; החזקת סם מסוכן לצריכה עצמית - עבירה לפי סעיף 7(א) + (ג) סיפא לפקודת הסמים המסוכנים [נוסח חדש], התשל\""ג-1973."", ""שימוש"": ""כן,ירי"", ""תכנון"": ""כן""}","{""אופן החזקת הנשק"": ""על גופו"", ""כמות תחמושת"": ""מחסנית ובה 16 כדורים, מחסנית ובה 16 כדורים"", ""מטרה-סיבת העבירה"": ""סכסוך"", ""מספר עבירה"": ""144 א, 144 ב"", ""סוג הנשק [אקדח]"": 1.0, ""סוג עבירה"": ""החזקה נשק, נשיאת נשק, הובלת נשק"", ""סטטוס הנשק"": ""נשק עם מחסנית בהכנס"", ""עבירות נוספות"": ""עבירת הפרעה לשוטר במילוי תפקידו לפי סעיף 275 לחוק."", ""תכנון"": ""כן""}"
ME-19-01-53615-8,ME-16-11-69158-529,3,1,1,"{""אופן החזקת הנשק"": ""ברכב, על גופו"", ""כמות תחמושת"": ""מחסנית"", ""מטרה-סיבת העבירה"": ""תחושת חוסר אונים וצורך בקבלת עזרה חיצונית במצבו"", ""מספר עבירה"": ""144 ב"", ""סוג הנשק [תת מקלע מאולתר]"": 1.0, ""סוג עבירה"": ""נשיאת נשק, הובלת נשק"", ""סטטוס הנשק"": ""נשק עם כדור בקנה"", ""עבירות נוספות"": ""ירי מנשק חם באזור מגורים"", ""שימוש"": ""כן,ירי"", ""תכנון"": ""לא""}","{""אופן החזקת הנשק"": ""ברכב, מוסלק - מוסתר, סמוך לבית"", ""כמות תחמושת"": ""מחסנית"", ""מטרה-סיבת העבירה"": ""חתונה"", ""מספר עבירה"": ""144 ב"", ""סוג הנשק [תת מקלע]"": 1.0, ""סוג עבירה"": ""נשיאת נשק"", ""סטטוס הנשק"": ""נשק עם כדור בקנה"", ""עבירות נוספות"": ""ירי באזור מגורים"", ""שימוש"": ""כן,ירי"", ""תכנון"": ""כן""}"
ME-15-12-39071-113,sh-10-05-7434-952,3,1,1,"{""אופן החזקת הנשק"": ""ברכב, מוסלק - מוסתר"", ""מטרה-סיבת העבירה"": ""הגנה עצמית"", ""מספר עבירה"": ""144 א"", ""סוג הנשק [אקדח]"": 1.0, ""סוג עבירה"": ""החזקה נשק"", ""סטטוס הנשק"": ""תקין"", ""תכנון"": ""לא""}","{""אופן החזקת הנשק"": ""בבית, מוסלק - מוסתר"", ""כמות תחמושת"": ""מחסנית"", ""מספר עבירה"": ""144 א"", ""סוג הנשק [אקדח]"": 2.0, ""סוג עבירה"": ""החזקה נשק"", ""סטטוס הנשק"": ""נשק מופרד מתחמושת"", ""תכנון"": ""לא""}"
ME-16-06-44840-433,ME-12-09-51207-971,1,0,0,"{""אופן החזקת הנשק"": ""ברכב, מוסלק - מוסתר"", ""אופן קבלת הנשק"": ""מאחר"", ""מטרה-סיבת העבירה"": ""סכסוך"", ""מספר עבירה"": ""144 א, 144 ב"", ""סוג הנשק [רימון הלם/גז]"": 2.0, ""סוג הנשק [רימון רסס]"": 1.0, ""סוג עבירה"": ""החזקה נשק, נשיאת נשק"", ""סטטוס הנשק"": ""תקין"", ""עבירות נוספות"": ""סיוע לנסיון לתקיפה לפי סעיפים 379 + 25 + 31 לחוק"", ""שימוש"": ""זריקת רימון"", ""תכנון"": ""כן""}","{""אופן החזקת הנשק"": ""בבית"", ""אופן קבלת הנשק"": ""ייצר"", ""מטרה-סיבת העבירה"": ""חתונה"", ""מספר עבירה"": ""144 א, 144 ב"", ""סוג עבירה"": ""החזקה נשק, ייצור נשק"", ""סטטוס הנשק"": ""נשק עם כדור בקנה"", ""עבירות נוספות"": ""יריות באזור מגורים - עבירה לפי סעיף 340א לחוק."", ""שימוש"": ""כן,ירי"", ""תכנון"": ""לא""}"
ME-16-05-19384-544,ME-16-03-54615-517,3,1,1,"{""אופן החזקת הנשק"": ""מוסלק - מוסתר, סמוך לבית"", ""אופן קבלת הנשק"": ""רכש"", ""כמות תחמושת"": ""10 כדורים"", ""מטרה-סיבת העבירה"": ""בצע כסף"", ""מספר עבירה"": ""144 א, 144 ב"", ""סוג הנשק [רובה סער ]"": 1.0, ""סוג הנשק [תת מקלע]"": 3.0, ""סוג עבירה"": ""נשיאת נשק, סחר בנשק"", ""סטטוס הנשק"": ""נשק עם כדור בקנה"", ""עבירות נוספות"": ""ניסיון לחבלה חמורה,רכישת נשק "", ""שימוש"": ""כן,ירי"", ""תכנון"": ""כן""}","{""מטרה-סיבת העבירה"": ""בצע כסף"", ""מספר עבירה"": ""144 ב"", ""סוג הנשק [תת מקלע]"": 2.0, ""סוג עבירה"": ""סחר בנשק"", ""סטטוס הנשק"": ""תקול"", ""שימוש"": ""ניסיון לירי ללא הצלחה"", ""תכנון"": ""כן""}"
ME-12-05-33444-999,ME-17-04-613-913,1,0,0,"{""אופן החזקת הנשק"": ""ברכב, מוסלק - מוסתר"", ""כמות תחמושת"": ""3 מחסניות"", ""מטרה-סיבת העבירה"": ""הגנה עצמית"", ""מספר עבירה"": ""144 א"", ""סוג הנשק [אקדח]"": 1.0, ""סוג עבירה"": ""החזקה נשק"", ""סטטוס הנשק"": ""נשק עם מחסנית בהכנס"", ""תכנון"": ""לא""}","{""אופן החזקת הנשק"": ""ברכב, על גופו"", ""כמות תחמושת"": ""מחסנית ובה 15 כדורים"", ""מספר עבירה"": ""144 ב"", ""סוג הנשק [אקדח]"": 1.0, ""סוג עבירה"": ""נשיאת נשק, הובלת נשק"", ""סטטוס הנשק"": ""נשק עם מחסנית בהכנס"", ""תכנון"": ""לא""}"
ME-17-04-613-913,ME-12-04-33577-700,1,0,0,"{""אופן החזקת הנשק"": ""ברכב, על גופו"", ""כמות תחמושת"": ""מחסנית ובה 15 כדורים"", ""מספר עבירה"": ""144 ב"", ""סוג הנשק [אקדח]"": 1.0, ""סוג עבירה"": ""נשיאת נשק, הובלת נשק"", ""סטטוס הנשק"": ""נשק עם מחסנית בהכנס"", ""תכנון"": ""לא""}","{""אופן החזקת הנשק"": ""על גופו"", ""מטרה-סיבת העבירה"": ""סכסוך"", ""מספר עבירה"": ""144 א, 144 ב"", ""סוג הנשק [אקדח]"": 1.0, ""סוג עבירה"": ""החזקה נשק, נשיאת נשק"", ""סטטוס הנשק"": ""תקין"", ""עבירות נוספות"": ""חבלה בכוונה מחמירה, עבירה לפי סעיף 329(א)(2) לחוק העונשין ויריות באזור מגורים, עבירה לפי סעיף 340(א) לחוק העונשין."", ""שימוש"": ""כן,ירי"", ""תכנון"": ""כן""}"
ME-21-10-18557-340,ME-16-10-9348-780,1,0,0,"{""אופן החזקת הנשק"": ""ברכב, על גופו"", ""כמות תחמושת"": ""מחסנית + 2 כדורים"", ""מטרה-סיבת העבירה"": ""סכסוך"", ""מספר עבירה"": ""144 א, 144 ב"", ""סוג הנשק [תת מקלע מאולתר]"": 1.0, ""סוג עבירה"": ""החזקה נשק, נשיאת נשק, הובלת נשק"", ""סטטוס הנשק"": ""נשק עם כדור בקנה"", ""עבירות נוספות"": ""ירי מנשק חם"", ""שימוש"": ""כן,ירי"", ""תכנון"": ""לא""}","{""אופן החזקת הנשק"": ""בבית, ברכב"", ""אופן קבלת הנשק"": ""גנב"", ""כמות תחמושת"": ""75 כדורים"", ""מטרה-סיבת העבירה"": ""לעורר את אביו"", ""מספר עבירה"": ""144 ב"", ""סוג הנשק [רובה צייד]"": 1.0, ""סוג עבירה"": ""נשיאת נשק"", ""סטטוס הנשק"": ""נשק מופרד מתחמושת"", ""תכנון"": ""לא""}"
SH-16-04-30406-325,SH-16-11-7544-55,3,1,1,"{""אופן החזקת הנשק"": ""ברכב"", ""אופן קבלת הנשק"": ""רכש"", ""כמות תחמושת"": ""מחסנית ובה 0 כדורים, 2 מחסניות"", ""מספר עבירה"": ""144 א"", ""סוג הנשק [תת מקלע מאולתר]"": 2.0, ""סוג עבירה"": ""החזקה נשק"", ""סטטוס הנשק"": ""נשק מופרד מתחמושת"", ""תכנון"": ""לא""}","{""אופן החזקת הנשק"": ""על גופו"", ""כמות תחמושת"": ""מחסנית ובה 10 כדורים"", ""מספר עבירה"": ""144 א"", ""סוג הנשק [תת מקלע מאולתר]"": 1.0, ""סוג עבירה"": ""החזקה נשק"", ""סטטוס הנשק"": ""נשק מופרד מתחמושת"", ""תכנון"": ""לא""}"
SH-16-11-7544-55,ME-13-10-28139-807,1,0,0,"{""אופן החזקת הנשק"": ""על גופו"", ""כמות תחמושת"": ""מחסנית ובה 10 כדורים"", ""מספר עבירה"": ""144 א"", ""סוג הנשק [תת מקלע מאולתר]"": 1.0, ""סוג עבירה"": ""החזקה נשק"", ""סטטוס הנשק"": ""נשק מופרד מתחמושת"", ""תכנון"": ""לא""}","{""אופן החזקת הנשק"": ""על גופו"", ""מטרה-סיבת העבירה"": ""סכסוך"", ""מספר עבירה"": ""144 א"", ""סוג הנשק [אקדח]"": 1.0, ""סוג עבירה"": ""ביצוע עבירות בנשק"", ""סטטוס הנשק"": ""תקין"", ""עבירות נוספות"": ""ניסיון לחבלה חמורה בנסיבות מחמירות לפי סעיפים 333+335(א)(1) ו-25 לפי החוק."", ""שימוש"": ""כן,ירי"", ""תכנון"": ""כן""}"
ME-16-04-12480-812,SH-16-05-42991-439,1,0,0,"{""אופן החזקת הנשק"": ""ברכב, על גופו, מוסלק - מוסתר"", ""כמות תחמושת"": ""מחסנית + 17 כדורים"", ""מטרה-סיבת העבירה"": ""סכסוך"", ""מספר עבירה"": ""144 א, 144 ב"", ""סוג הנשק [תת מקלע מאולתר]"": 1.0, ""סוג עבירה"": ""החזקה נשק, נשיאת נשק, הובלת נשק"", ""סטטוס הנשק"": ""נשק מופרד מתחמושת"", ""עבירות נוספות"": ""יסיון חבלה חמורה בנסיבות מחמירות, איומים "", ""שימוש"": ""כן,ירי"", ""תכנון"": ""כן""}","{""אופן החזקת הנשק"": ""בבית, על גופו"", ""כמות תחמושת"": ""מחסנית ובה 13 כדורים"", ""מטרה-סיבת העבירה"": ""סכסוך"", ""מספר עבירה"": ""144 א"", ""סוג הנשק [אקדח]"": 1.0, ""סוג עבירה"": ""החזקה נשק"", ""סטטוס הנשק"": ""נשק עם מחסנית בהכנס"", ""עבירות נוספות"": ""שיבוש הליכי משפט, לפי סעיף 244 לחוק"", ""תכנון"": ""כן""}"
ME-16-05-9968-487,ME-13-04-35007-454,3,1,1,"{""אופן החזקת הנשק"": ""בבית, מוסלק - מוסתר"", ""אופן קבלת הנשק"": ""מאחר"", ""כמות תחמושת"": ""מחסנית"", ""מספר עבירה"": ""144 א, 144 ב"", ""סוג הנשק [תת מקלע מאולתר]"": 1.0, ""סוג עבירה"": ""החזקה נשק, נשיאת נשק"", ""סטטוס הנשק"": ""נשק עם מחסנית בהכנס"", ""תכנון"": ""לא""}","{""אופן החזקת הנשק"": ""על גופו"", ""מטרה-סיבת העבירה"": ""סכסוך"", ""מספר עבירה"": ""144 א, 144 ב"", ""סוג הנשק [אקדח]"": 1.0, ""סוג עבירה"": ""החזקה נשק, נשיאת נשק"", ""סטטוס הנשק"": ""נשק עם מחסנית בהכנס"", ""תכנון"": ""כן""}"
ME-16-11-69158-529,ME-14-12-6904-57,2,0,1,"{""אופן החזקת הנשק"": ""ברכב, מוסלק - מוסתר, סמוך לבית"", ""כמות תחמושת"": ""מחסנית"", ""מטרה-סיבת העבירה"": ""חתונה"", ""מספר עבירה"": ""144 ב"", ""סוג הנשק [תת מקלע]"": 1.0, ""סוג עבירה"": ""נשיאת נשק"", ""סטטוס הנשק"": ""נשק עם כדור בקנה"", ""עבירות נוספות"": ""ירי באזור מגורים"", ""שימוש"": ""כן,ירי"", ""תכנון"": ""כן""}","{""אופן החזקת הנשק"": ""בבית, על גופו, מוסלק - מוסתר"", ""אופן קבלת הנשק"": ""רכש"", ""כמות תחמושת"": ""מחסנית"", ""מטרה-סיבת העבירה"": ""הגנה עצמית"", ""מספר עבירה"": ""144 ב"", ""סוג הנשק [תת מקלע מאולתר]"": 1.0, ""סוג עבירה"": ""נשיאת נשק, הובלת נשק"", ""סטטוס הנשק"": ""נשק מופרד מתחמושת"", ""עבירות נוספות"": ""החזקת סם לצריכה עצמית"", ""תכנון"": ""כן""}"
SH-11-05-24791-315,ME-16-10-9348-780,1,0,0,"{""אופן החזקת הנשק"": ""בבית"", ""אופן קבלת הנשק"": ""מאחר"", ""כמות תחמושת"": ""2 מחסניות"", ""מספר עבירה"": ""144 א"", ""סוג הנשק [אקדח]"": 1.0, ""סוג עבירה"": ""החזקה נשק"", ""סטטוס הנשק"": ""נשק מופרד מתחמושת"", ""תכנון"": ""לא""}","{""אופן החזקת הנשק"": ""בבית, ברכב"", ""אופן קבלת הנשק"": ""גנב"", ""כמות תחמושת"": ""75 כדורים"", ""מטרה-סיבת העבירה"": ""לעורר את אביו"", ""מספר עבירה"": ""144 ב"", ""סוג הנשק [רובה צייד]"": 1.0, ""סוג עבירה"": ""נשיאת נשק"", ""סטטוס הנשק"": ""נשק מופרד מתחמושת"", ""תכנון"": ""לא""}"
ME-15-12-39071-113,ME-10-08-17917-313,3,1,1,"{""אופן החזקת הנשק"": ""ברכב, מוסלק - מוסתר"", ""מטרה-סיבת העבירה"": ""הגנה עצמית"", ""מספר עבירה"": ""144 א"", ""סוג הנשק [אקדח]"": 1.0, ""סוג עבירה"": ""החזקה נשק"", ""סטטוס הנשק"": ""תקין"", ""תכנון"": ""לא""}","{""אופן החזקת הנשק"": ""מוסלק - מוסתר"", ""כמות תחמושת"": ""3 כדורים"", ""מטרה-סיבת העבירה"": ""הגנה עצמית"", ""סוג הנשק [אקדח]"": 1.0, ""סוג עבירה"": ""החזקה נשק"", ""סטטוס הנשק"": ""נשק מופרד מתחמושת"", ""תכנון"": ""לא""}"
ME-22-03-52964-443,SH-17-08-47445-166,1,0,0,"{""אופן החזקת הנשק"": ""על גופו"", ""כמות תחמושת"": ""מחסנית ובה 16 כדורים, מחסנית ובה 16 כדורים"", ""מטרה-סיבת העבירה"": ""סכסוך"", ""מספר עבירה"": ""144 א, 144 ב"", ""סוג הנשק [אקדח]"": 1.0, ""סוג עבירה"": ""החזקה נשק, נשיאת נשק, הובלת נשק"", ""סטטוס הנשק"": ""נשק עם מחסנית בהכנס"", ""עבירות נוספות"": ""עבירת הפרעה לשוטר במילוי תפקידו לפי סעיף 275 לחוק."", ""תכנון"": ""כן""}","{""אופן החזקת הנשק"": ""בבית"", ""מספר עבירה"": ""144 א"", ""סוג הנשק [אקדח]"": 1.0, ""סוג הנשק [תת מקלע מאולתר]"": 1.0, ""סוג עבירה"": ""החזקה נשק"", ""סטטוס הנשק"": ""תקין"", ""תכנון"": ""לא""}"
ME-15-12-39071-113,SH-11-12-35552-181,3,1,1,"{""אופן החזקת הנשק"": ""ברכב, מוסלק - מוסתר"", ""מטרה-סיבת העבירה"": ""הגנה עצמית"", ""מספר עבירה"": ""144 א"", ""סוג הנשק [אקדח]"": 1.0, ""סוג עבירה"": ""החזקה נשק"", ""סטטוס הנשק"": ""תקין"", ""תכנון"": ""לא""}","{""אופן החזקת הנשק"": ""בבית"", ""אופן קבלת הנשק"": ""רכש"", ""מספר עבירה"": ""144 א"", ""סוג הנשק [אקדח]"": 1.0, ""סוג עבירה"": ""החזקה נשק"", ""סטטוס הנשק"": ""תקין"", ""תכנון"": ""כן""}"
ME-16-11-69158-529,ME-16-10-12213-904,1,0,0,"{""אופן החזקת הנשק"": ""ברכב, מוסלק - מוסתר, סמוך לבית"", ""כמות תחמושת"": ""מחסנית"", ""מטרה-סיבת העבירה"": ""חתונה"", ""מספר עבירה"": ""144 ב"", ""סוג הנשק [תת מקלע]"": 1.0, ""סוג עבירה"": ""נשיאת נשק"", ""סטטוס הנשק"": ""נשק עם כדור בקנה"", ""עבירות נוספות"": ""ירי באזור מגורים"", ""שימוש"": ""כן,ירי"", ""תכנון"": ""כן""}","{""אופן החזקת הנשק"": ""ברכב, מוסלק - מוסתר"", ""אופן קבלת הנשק"": ""מצא"", ""כמות תחמושת"": ""מחסנית ריקה ובה 0 כדורים + 1 כדור"", ""מספר עבירה"": ""144 ב"", ""סוג הנשק [תת מקלע מאולתר]"": 1.0, ""סוג עבירה"": ""נשיאת נשק"", ""סטטוס הנשק"": ""נשק מופרד מתחמושת"", ""תכנון"": ""כן""}"
ME-16-03-59260-279,ME-16-08-54879-35,2,0,1,"{""אופן החזקת הנשק"": ""ברכב, מחסן"", ""כמות תחמושת"": ""מחסנית ובה 14 כדורים"", ""מטרה-סיבת העבירה"": ""סכסוך"", ""מספר עבירה"": ""144 א, 144 ב"", ""סוג הנשק [אקדח]"": 1.0, ""סוג עבירה"": ""החזקה נשק, נשיאת נשק"", ""סטטוס הנשק"": ""נשק עם מחסנית בהכנס"", ""תכנון"": ""כן""}","{""אופן החזקת הנשק"": ""על גופו, סמוך לבית"", ""כמות תחמושת"": ""מחסנית ובה 7 כדורים"", ""מספר עבירה"": ""144 ב"", ""סוג הנשק [תת מקלע מאולתר]"": 1.0, ""סוג עבירה"": ""נשיאת נשק, הובלת נשק"", ""סטטוס הנשק"": ""נשק מופרד מתחמושת"", ""תכנון"": ""לא""}"
SH-18-07-52337-770,SH-16-11-7544-55,3,1,1,"{""אופן החזקת הנשק"": ""בבית, מוסלק - מוסתר"", ""אופן קבלת הנשק"": ""מאחר"", ""מספר עבירה"": ""144 א"", ""סוג הנשק [תת מקלע מאולתר]"": 1.0, ""סוג עבירה"": ""החזקה נשק"", ""סטטוס הנשק"": ""תקין"", ""תכנון"": ""לא""}","{""אופן החזקת הנשק"": ""על גופו"", ""כמות תחמושת"": ""מחסנית ובה 10 כדורים"", ""מספר עבירה"": ""144 א"", ""סוג הנשק [תת מקלע מאולתר]"": 1.0, ""סוג עבירה"": ""החזקה נשק"", ""סטטוס הנשק"": ""נשק מופרד מתחמושת"", ""תכנון"": ""לא""}"
ME-16-06-42987-901,ME-12-03-13401-281,1,0,0,"{""אופן קבלת הנשק"": ""מאחר"", ""כמות תחמושת"": ""כדור"", ""מטרה-סיבת העבירה"": ""סכסוך"", ""מספר עבירה"": ""144 ב"", ""סוג הנשק - אם לא נמצא בטבלה"": ""כלי נשק מאולתר"", ""סוג הנשק [רימון הלם/גז]"": 4.0, ""סוג עבירה"": ""נשיאת נשק"", ""סטטוס הנשק"": ""נשק עם כדור בקנה"", ""עבירות נוספות"": ""איומים לפי סעיף 192 לחוק; חבלה מחמירה לפי סעיף 329(א)(2) לחוק וניסיון תקיפה בנסיבות מחמירות לפי סעיפים 382(א) + 25 לחוק העונשין. חמש עבירות של סחר בסמים לפי סעיפים 13+19א' לפקודת הסמים המסוכנים [נוסח חדש] תשל\""ג-1973 ובעבירה אחת של החזקת סם שלא לשימוש עצמי לפי סעיפים 7(א) + 7(ג) רישא לפקודה זו.עבירה של גניבה לפי סעיף 384 לחוק העונשין."", ""שימוש"": ""ניסיון לירי ללא הצלחה, זריקת רימון"", ""תכנון"": ""כן""}","{""אופן החזקת הנשק"": ""ברכב"", ""כמות תחמושת"": ""2 מחסניות ובהן כדורים, 11 כדורים"", ""מספר עבירה"": ""144 א, 144 ב"", ""סוג הנשק [אקדח]"": 1.0, ""סוג עבירה"": ""החזקה נשק, נשיאת נשק, הובלת נשק"", ""סטטוס הנשק"": ""נשק עם כדור בקנה"", ""עבירות נוספות"": ""יריות באזור מגורים - עבירה לפי סעיף 340א לחוק."", ""שימוש"": ""כן,ירי"", ""תכנון"": ""לא""}"
SH-20-02-52091-995,SH-16-11-7544-55,3,1,1,"{""אופן החזקת הנשק"": ""בבית"", ""כמות תחמושת"": ""20 כדורים"", ""מספר עבירה"": ""144 א"", ""סוג הנשק [תת מקלע מאולתר]"": 1.0, ""סוג עבירה"": ""החזקה נשק"", ""סטטוס הנשק"": ""נשק מופרד מתחמושת"", ""תכנון"": ""לא""}","{""אופן החזקת הנשק"": ""על גופו"", ""כמות תחמושת"": ""מחסנית ובה 10 כדורים"", ""מספר עבירה"": ""144 א"", ""סוג הנשק [תת מקלע מאולתר]"": 1.0, ""סוג עבירה"": ""החזקה נשק"", ""סטטוס הנשק"": ""נשק מופרד מתחמושת"", ""תכנון"": ""לא""}"
SH-14-02-28659-762,SH-16-05-42991-439,2,0,1,"{""אופן החזקת הנשק"": ""בבית"", ""כמות תחמושת"": ""מחסנית וכדורים"", ""מטרה-סיבת העבירה"": ""הגנה עצמית"", ""מספר עבירה"": ""144 א"", ""סוג הנשק [תת מקלע]"": 1.0, ""סוג עבירה"": ""החזקה נשק"", ""סטטוס הנשק"": ""נשק מופרד מתחמושת"", ""תכנון"": ""לא""}","{""אופן החזקת הנשק"": ""בבית, על גופו"", ""כמות תחמושת"": ""מחסנית ובה 13 כדורים"", ""מטרה-סיבת העבירה"": ""סכסוך"", ""מספר עבירה"": ""144 א"", ""סוג הנשק [אקדח]"": 1.0, ""סוג עבירה"": ""החזקה נשק"", ""סטטוס הנשק"": ""נשק עם מחסנית בהכנס"", ""עבירות נוספות"": ""שיבוש הליכי משפט, לפי סעיף 244 לחוק"", ""תכנון"": ""כן""}"
ME-14-10-31218-522,ME-17-05-35227-215,1,0,0,"{""אופן החזקת הנשק"": ""על גופו"", ""מספר עבירה"": ""144 א"", ""סוג הנשק [רימון הלם/גז]"": 1.0, ""סוג עבירה"": ""החזקה נשק"", ""סטטוס הנשק"": ""תקין"", ""שימוש"": ""זריקת רימון"", ""תכנון"": ""לא""}","{""אופן החזקת הנשק"": ""ברכב"", ""כמות תחמושת"": ""מחסנית"", ""מספר עבירה"": ""144 ב"", ""סוג הנשק [תת מקלע מאולתר]"": 1.0, ""סוג עבירה"": ""נשיאת נשק, הובלת נשק"", ""סטטוס הנשק"": ""נשק עם מחסנית בהכנס"", ""תכנון"": ""כן""}"
SH-16-11-7544-55,SH-15-03-49530-992,3,1,1,"{""אופן החזקת הנשק"": ""על גופו"", ""כמות תחמושת"": ""מחסנית ובה 10 כדורים"", ""מספר עבירה"": ""144 א"", ""סוג הנשק [תת מקלע מאולתר]"": 1.0, ""סוג עבירה"": ""החזקה נשק"", ""סטטוס הנשק"": ""נשק מופרד מתחמושת"", ""תכנון"": ""לא""}","{""אופן החזקת הנשק"": ""מוסלק - מוסתר, סמוך לבית"", ""כמות תחמושת"": ""2 מחסניות"", ""מספר עבירה"": ""144 א"", ""סוג הנשק [תת מקלע מאולתר]"": 1.0, ""סוג עבירה"": ""החזקה נשק"", ""סטטוס הנשק"": ""נשק עם מחסנית בהכנס"", ""תכנון"": ""לא""}"
ME-16-11-13999-863,ME-21-10-18557-340,1,0,0,"{""אופן החזקת הנשק"": ""ברכב"", ""כמות תחמושת"": ""2 מחסניות"", ""מספר עבירה"": ""144 א, 144 ב"", ""סוג הנשק [אקדח]"": 1.0, ""סוג עבירה"": ""החזקה נשק, נשיאת נשק, הובלת נשק"", ""סטטוס הנשק"": ""נשק עם מחסנית בהכנס"", ""תכנון"": ""לא""}","{""אופן החזקת הנשק"": ""ברכב, על גופו"", ""כמות תחמושת"": ""מחסנית + 2 כדורים"", ""מטרה-סיבת העבירה"": ""סכסוך"", ""מספר עבירה"": ""144 א, 144 ב"", ""סוג הנשק [תת מקלע מאולתר]"": 1.0, ""סוג עבירה"": ""החזקה נשק, נשיאת נשק, הובלת נשק"", ""סטטוס הנשק"": ""נשק עם כדור בקנה"", ""עבירות נוספות"": ""ירי מנשק חם"", ""שימוש"": ""כן,ירי"", ""תכנון"": ""לא""}"
ME-16-10-12213-904,ME-16-01-189-123,3,1,1,"{""אופן החזקת הנשק"": ""ברכב, מוסלק - מוסתר"", ""אופן קבלת הנשק"": ""מצא"", ""כמות תחמושת"": ""מחסנית ריקה ובה 0 כדורים + 1 כדור"", ""מספר עבירה"": ""144 ב"", ""סוג הנשק [תת מקלע מאולתר]"": 1.0, ""סוג עבירה"": ""נשיאת נשק"", ""סטטוס הנשק"": ""נשק מופרד מתחמושת"", ""תכנון"": ""כן""}","{""אופן החזקת הנשק"": ""ברכב, מוסלק - מוסתר"", ""אופן קבלת הנשק"": ""רכש"", ""כמות תחמושת"": ""מחסנית ריקה ובה 0 כדורים + 50 כדורים"", ""מטרה-סיבת העבירה"": ""ציד"", ""מספר עבירה"": ""144 א, 144 ב"", ""סוג הנשק [תת מקלע מאולתר]"": 1.0, ""סוג עבירה"": ""נשיאת נשק, הובלת נשק, רכישת נשק"", ""סטטוס הנשק"": ""נשק מופרד מתחמושת"", ""עבירות נוספות"": ""קשירת קשר לסחר בסם מסוכן"", ""תכנון"": ""לא""}"
SH-15-12-65958-120,ME-16-05-9983-155,2,0,1,"{""אופן החזקת הנשק"": ""בבית, מוסלק - מוסתר"", ""כמות תחמושת"": ""מחסנית ובה 8 כדורים + מחסנית ובה 15 כדורים + מחסנית ריקה ובה 0 כדורים + מחסנית ובה 6 כדורים"", ""מטרה-סיבת העבירה"": ""הגנה עצמית"", ""מספר עבירה"": ""144 א"", ""סוג הנשק [אקדח]"": 2.0, ""סוג הנשק [תת מקלע מאולתר]"": 1.0, ""סוג עבירה"": ""החזקה נשק"", ""סטטוס הנשק"": ""נשק עם מחסנית בהכנס"", ""תכנון"": ""כן""}","{""אופן החזקת הנשק"": ""מוסלק - מוסתר"", ""אופן קבלת הנשק"": ""מאחר"", ""כמות תחמושת"": ""מחסנית"", ""מספר עבירה"": ""144 א, 144 ב"", ""סוג הנשק [תת מקלע מאולתר]"": 1.0, ""סוג עבירה"": ""החזקה נשק, נשיאת נשק"", ""סטטוס הנשק"": ""נשק מופרד מתחמושת"", ""תכנון"": ""לא""}"
ME-18-04-19642-504,ME-16-07-45228-25,1,0,0,"{""אופן החזקת הנשק"": ""ברכב, על גופו"", ""כמות תחמושת"": ""2 מחסניות, 40 כדורים"", ""מטרה-סיבת העבירה"": ""אלימות כלפי נשים"", ""מספר עבירה"": ""144 א, 144 ב"", ""סוג הנשק [אקדח]"": 1.0, ""סוג עבירה"": ""נשיאת נשק, הובלת נשק"", ""סטטוס הנשק"": ""נשק עם כדור בקנה"", ""עבירות נוספות"": ""במעשי פזיזות ורשלנות, לפי ס' 338(א)(5) לחוק."", ""שימוש"": ""כן,ירי"", ""תכנון"": ""לא""}","{""אופן החזקת הנשק"": ""בבית, על גופו, מוסלק - מוסתר"", ""כמות תחמושת"": ""מחסנית ובה 10 כדורים"", ""מספר עבירה"": ""144 ב"", ""סוג הנשק [אקדח]"": 1.0, ""סוג עבירה"": ""נשיאת נשק"", ""סטטוס הנשק"": ""נשק עם מחסנית בהכנס"", ""תכנון"": ""כן""}"
ME-15-03-29911-554,ME-16-02-18397-87,1,0,0,"{""אופן החזקת הנשק"": ""ברכב, על גופו"", ""כמות תחמושת"": ""מחסנית ובה 12 כדורים, מחסנית, 20 כדורים, 24 כדורים"", ""מספר עבירה"": ""144 א, 144 ב"", ""סוג הנשק [אקדח]"": 1.0, ""סוג עבירה"": ""ביצוע עבירות בנשק"", ""סטטוס הנשק"": ""נשק עם כדור בקנה"", ""שימוש"": ""כן,ירי"", ""תכנון"": ""לא""}","{""אופן החזקת הנשק"": ""ברכב, מוסלק - מוסתר"", ""כמות תחמושת"": ""כדורים"", ""מספר עבירה"": ""144 ב"", ""סוג הנשק [אקדח]"": 1.0, ""סוג עבירה"": ""נשיאת נשק, הובלת נשק"", ""סטטוס הנשק"": ""תקול"", ""עבירות נוספות"": ""נהיגה ללא רישיון, נהיגה ללא ביטוח וללא רישיון רכב"", ""תכנון"": ""לא""}"
ME-16-11-69158-529,ME-16-01-3772-806,3,1,1,"{""אופן החזקת הנשק"": ""ברכב, מוסלק - מוסתר, סמוך לבית"", ""כמות תחמושת"": ""מחסנית"", ""מטרה-סיבת העבירה"": ""חתונה"", ""מספר עבירה"": ""144 ב"", ""סוג הנשק [תת מקלע]"": 1.0, ""סוג עבירה"": ""נשיאת נשק"", ""סטטוס הנשק"": ""נשק עם כדור בקנה"", ""עבירות נוספות"": ""ירי באזור מגורים"", ""שימוש"": ""כן,ירי"", ""תכנון"": ""כן""}","{""אופן החזקת הנשק"": ""מוסלק - מוסתר, סמוך לבית"", ""אופן קבלת הנשק"": ""רכש"", ""כמות תחמושת"": ""מחסנית"", ""מספר עבירה"": ""144 א, 144 ב"", ""סוג הנשק [רובה סער ]"": 1.0, ""סוג הנשק [תת מקלע מאולתר]"": 1.0, ""סוג עבירה"": ""החזקה נשק, נשיאת נשק, הובלת נשק"", ""סטטוס הנשק"": ""נשק עם כדור בקנה"", ""שימוש"": ""כן,ירי"", ""תכנון"": ""לא""}"
ME-17-02-54432-484,ME-16-05-25902-514,3,1,1,"{""אופן החזקת הנשק"": ""ברכב, על גופו"", ""כמות תחמושת"": ""מחסנית ובה 7 כדורים"", ""מטרה-סיבת העבירה"": ""הגנה עצמית"", ""מספר עבירה"": ""144 א, 144 ב"", ""סוג הנשק [אקדח]"": 1.0, ""סוג עבירה"": ""החזקה נשק, נשיאת נשק"", ""סטטוס הנשק"": ""נשק עם מחסנית בהכנס"", ""תכנון"": ""כן""}","{""אופן החזקת הנשק"": ""בבית, על גופו"", ""אופן קבלת הנשק"": ""רכש"", ""כמות תחמושת"": ""מחסנית ובה 7 כדורים"", ""מטרה-סיבת העבירה"": ""הגנה עצמית"", ""מספר עבירה"": ""144 א, 144 ב"", ""סוג הנשק [אקדח]"": 1.0, ""סוג עבירה"": ""החזקה נשק, נשיאת נשק"", ""סטטוס הנשק"": ""נשק עם מחסנית בהכנס"", ""תכנון"": ""לא""}"
SH-17-10-10556-234,ME-09-06-10774-130,2,0,1,"{""אופן החזקת הנשק"": ""מוסלק - מוסתר, סמוך לבית"", ""כמות תחמושת"": ""מחסנית ובה 10 כדורים"", ""מספר עבירה"": ""144 א"", ""סוג הנשק [אקדח]"": 2.0, ""סוג עבירה"": ""החזקה נשק"", ""סטטוס הנשק"": ""נשק עם מחסנית בהכנס"", ""תכנון"": ""לא""}","{""אופן החזקת הנשק"": ""ברכב"", ""מספר עבירה"": ""144 א, 144 ב"", ""סוג הנשק [אקדח]"": 1.0, ""סוג עבירה"": ""החזקה נשק, נשיאת נשק"", ""סטטוס הנשק"": ""תקין"", ""תכנון"": ""לא""}"
sh-10-05-7434-952,ME-21-10-18557-340,1,0,0,"{""אופן החזקת הנשק"": ""בבית, מוסלק - מוסתר"", ""כמות תחמושת"": ""מחסנית"", ""מספר עבירה"": ""144 א"", ""סוג הנשק [אקדח]"": 2.0, ""סוג עבירה"": ""החזקה נשק"", ""סטטוס הנשק"": ""נשק מופרד מתחמושת"", ""תכנון"": ""לא""}","{""אופן החזקת הנשק"": ""ברכב, על גופו"", ""כמות תחמושת"": ""מחסנית + 2 כדורים"", ""מטרה-סיבת העבירה"": ""סכסוך"", ""מספר עבירה"": ""144 א, 144 ב"", ""סוג הנשק [תת מקלע מאולתר]"": 1.0, ""סוג עבירה"": ""החזקה נשק, נשיאת נשק, הובלת נשק"", ""סטטוס הנשק"": ""נשק עם כדור בקנה"", ""עבירות נוספות"": ""ירי מנשק חם"", ""שימוש"": ""כן,ירי"", ""תכנון"": ""לא""}"
SH-10-02-25802-731,ME-13-04-35007-454,1,0,0,"{""אופן החזקת הנשק"": ""בבית"", ""מספר עבירה"": ""144 א"", ""סוג הנשק [רובה צייד]"": 1.0, ""סוג עבירה"": ""החזקה נשק"", ""סטטוס הנשק"": ""תקול"", ""עבירות נוספות"": ""החזקת חלק-אבזר תחמושת של כלי נשק"", ""תכנון"": ""לא""}","{""אופן החזקת הנשק"": ""על גופו"", ""מטרה-סיבת העבירה"": ""סכסוך"", ""מספר עבירה"": ""144 א, 144 ב"", ""סוג הנשק [אקדח]"": 1.0, ""סוג עבירה"": ""החזקה נשק, נשיאת נשק"", ""סטטוס הנשק"": ""נשק עם מחסנית בהכנס"", ""תכנון"": ""כן""}"
ME-16-10-12213-904,ME-15-02-9111-399,1,0,0,"{""אופן החזקת הנשק"": ""ברכב, מוסלק - מוסתר"", ""אופן קבלת הנשק"": ""מצא"", ""כמות תחמושת"": ""מחסנית ריקה ובה 0 כדורים + 1 כדור"", ""מספר עבירה"": ""144 ב"", ""סוג הנשק [תת מקלע מאולתר]"": 1.0, ""סוג עבירה"": ""נשיאת נשק"", ""סטטוס הנשק"": ""נשק מופרד מתחמושת"", ""תכנון"": ""כן""}","{""אופן החזקת הנשק"": ""על גופו"", ""כמות תחמושת"": ""מחסנית ובה 13 כדורים"", ""מספר עבירה"": ""144 א"", ""סוג הנשק [אקדח]"": 1.0, ""סטטוס הנשק"": ""נשק מופרד מתחמושת"", ""תכנון"": ""לא""}"
ME-16-05-25902-514,SH-11-01-41775-497,3,1,1,"{""אופן החזקת הנשק"": ""בבית, על גופו"", ""אופן קבלת הנשק"": ""רכש"", ""כמות תחמושת"": ""מחסנית ובה 7 כדורים"", ""מטרה-סיבת העבירה"": ""הגנה עצמית"", ""מספר עבירה"": ""144 א, 144 ב"", ""סוג הנשק [אקדח]"": 1.0, ""סוג עבירה"": ""החזקה נשק, נשיאת נשק"", ""סטטוס הנשק"": ""נשק עם מחסנית בהכנס"", ""תכנון"": ""לא""}","{""אופן החזקת הנשק"": ""בבית, ברכב"", ""כמות תחמושת"": ""מחסנית ריקה ובה 0 כדורים + 34 כדורים"", ""מטרה-סיבת העבירה"": ""הגנה עצמית"", ""סוג הנשק [אקדח]"": 1.0, ""סוג עבירה"": ""החזקה נשק, נשיאת נשק"", ""סטטוס הנשק"": ""נשק מופרד מתחמושת"", ""תכנון"": ""לא""}"
ME-18-05-32659-754,ME-16-08-54879-35,3,1,1,"{""אופן החזקת הנשק"": ""ברכב"", ""כמות תחמושת"": ""מחסנית ובה 0 כדורים, 9 כדורים, 10 כדורים"", ""מספר עבירה"": ""144 ב"", ""סוג הנשק [רימון הלם/גז]"": 2.0, ""סוג הנשק [תת מקלע מאולתר]"": 1.0, ""סוג עבירה"": ""נשיאת נשק, הובלת נשק"", ""סטטוס הנשק"": ""נשק מופרד מתחמושת"", ""עבירות נוספות"": ""הפרעה לשוטר במילוי תפקידו לפי סעיף 275 לחוק"", ""תכנון"": ""לא""}","{""אופן החזקת הנשק"": ""על גופו, סמוך לבית"", ""כמות תחמושת"": ""מחסנית ובה 7 כדורים"", ""מספר עבירה"": ""144 ב"", ""סוג הנשק [תת מקלע מאולתר]"": 1.0, ""סוג עבירה"": ""נשיאת נשק, הובלת נשק"", ""סטטוס הנשק"": ""נשק מופרד מתחמושת"", ""תכנון"": ""לא""}"
ME-17-05-35227-215,ME-15-02-9111-399,1,0,0,"{""אופן החזקת הנשק"": ""ברכב"", ""כמות תחמושת"": ""מחסנית"", ""מספר עבירה"": ""144 ב"", ""סוג הנשק [תת מקלע מאולתר]"": 1.0, ""סוג עבירה"": ""נשיאת נשק, הובלת נשק"", ""סטטוס הנשק"": ""נשק עם מחסנית בהכנס"", ""תכנון"": ""כן""}","{""אופן החזקת הנשק"": ""על גופו"", ""כמות תחמושת"": ""מחסנית ובה 13 כדורים"", ""מספר עבירה"": ""144 א"", ""סוג הנשק [אקדח]"": 1.0, ""סטטוס הנשק"": ""נשק מופרד מתחמושת"", ""תכנון"": ""לא""}"
ME-16-04-12480-812,ME-12-03-15148-775,1,0,0,"{""אופן החזקת הנשק"": ""ברכב, על גופו, מוסלק - מוסתר"", ""כמות תחמושת"": ""מחסנית + 17 כדורים"", ""מטרה-סיבת העבירה"": ""סכסוך"", ""מספר עבירה"": ""144 א, 144 ב"", ""סוג הנשק [תת מקלע מאולתר]"": 1.0, ""סוג עבירה"": ""החזקה נשק, נשיאת נשק, הובלת נשק"", ""סטטוס הנשק"": ""נשק מופרד מתחמושת"", ""עבירות נוספות"": ""יסיון חבלה חמורה בנסיבות מחמירות, איומים "", ""שימוש"": ""כן,ירי"", ""תכנון"": ""כן""}","{""אופן החזקת הנשק"": ""ברכב"", ""כמות תחמושת"": ""מחסנית ובה 11 כדורים"", ""מספר עבירה"": ""144 א"", ""סוג הנשק - אם לא נמצא בטבלה"": ""משתיק קול"", ""סוג הנשק [אקדח]"": 2.0, ""סוג עבירה"": ""החזקה נשק"", ""סטטוס הנשק"": ""נשק מופרד מתחמושת"", ""עבירות נוספות"": ""שינוי זהות של כלי רכב, עבירה לפי סעיף 413ט' לחוק העונשין, תשל\""ז - 1977."", ""תכנון"": ""כן""}"
ME-16-02-59812-881,ME-16-03-54615-517,1,0,0,"{""אופן קבלת הנשק"": ""עבודה"", ""כמות תחמושת"": ""2 מחסניות, 20 כדורים"", ""מטרה-סיבת העבירה"": ""מימון סמים"", ""מספר עבירה"": ""144 ב"", ""סוג הנשק [אקדח]"": 1.0, ""סוג עבירה"": ""סחר בנשק"", ""סטטוס הנשק"": ""תקין"", ""עבירות נוספות"": ""מסירת ידיעה כוזבת על עבירת פשע, לפי סעיף 243 סיפא לחוק; שיבוש הליכי משפט, לפי סעיף 244 לחוק."", ""תכנון"": ""כן""}","{""מטרה-סיבת העבירה"": ""בצע כסף"", ""מספר עבירה"": ""144 ב"", ""סוג הנשק [תת מקלע]"": 2.0, ""סוג עבירה"": ""סחר בנשק"", ""סטטוס הנשק"": ""תקול"", ""שימוש"": ""ניסיון לירי ללא הצלחה"", ""תכנון"": ""כן""}"
SH-23-03-19819-247,SH-16-11-7544-55,3,1,1,"{""אופן החזקת הנשק"": ""בבית, מוסלק - מוסתר"", ""כמות תחמושת"": ""3 מחסניות"", ""מספר עבירה"": ""144 א"", ""סוג הנשק [רובה סער ]"": 1.0, ""סוג עבירה"": ""החזקה נשק"", ""סטטוס הנשק"": ""נשק מופרד מתחמושת"", ""תכנון"": ""כן""}","{""אופן החזקת הנשק"": ""על גופו"", ""כמות תחמושת"": ""מחסנית ובה 10 כדורים"", ""מספר עבירה"": ""144 א"", ""סוג הנשק [תת מקלע מאולתר]"": 1.0, ""סוג עבירה"": ""החזקה נשק"", ""סטטוס הנשק"": ""נשק מופרד מתחמושת"", ""תכנון"": ""לא""}"
ME-15-12-39071-113,ME-16-10-12213-904,1,0,0,"{""אופן החזקת הנשק"": ""ברכב, מוסלק - מוסתר"", ""מטרה-סיבת העבירה"": ""הגנה עצמית"", ""מספר עבירה"": ""144 א"", ""סוג הנשק [אקדח]"": 1.0, ""סוג עבירה"": ""החזקה נשק"", ""סטטוס הנשק"": ""תקין"", ""תכנון"": ""לא""}","{""אופן החזקת הנשק"": ""ברכב, מוסלק - מוסתר"", ""אופן קבלת הנשק"": ""מצא"", ""כמות תחמושת"": ""מחסנית ריקה ובה 0 כדורים + 1 כדור"", ""מספר עבירה"": ""144 ב"", ""סוג הנשק [תת מקלע מאולתר]"": 1.0, ""סוג עבירה"": ""נשיאת נשק"", ""סטטוס הנשק"": ""נשק מופרד מתחמושת"", ""תכנון"": ""כן""}"
ME-16-08-44157-713,ME-17-05-35227-215,2,0,1,"{""אופן החזקת הנשק"": ""בבית"", ""כמות תחמושת"": ""מחסנית"", ""מטרה-סיבת העבירה"": ""בצע כסף"", ""מספר עבירה"": ""144 ב"", ""סוג הנשק [תת מקלע מאולתר]"": 1.0, ""סוג הנשק [תת מקלע]"": 1.0, ""סוג עבירה"": ""סחר בנשק"", ""סטטוס הנשק"": ""נשק מופרד מתחמושת"", ""עבירות נוספות"": ""קשירת קשר לביצוע פשע"", ""תכנון"": ""כן""}","{""אופן החזקת הנשק"": ""ברכב"", ""כמות תחמושת"": ""מחסנית"", ""מספר עבירה"": ""144 ב"", ""סוג הנשק [תת מקלע מאולתר]"": 1.0, ""סוג עבירה"": ""נשיאת נשק, הובלת נשק"", ""סטטוס הנשק"": ""נשק עם מחסנית בהכנס"", ""תכנון"": ""כן""}"
ME-10-08-17917-313,ME-16-04-12480-812,1,0,0,"{""אופן החזקת הנשק"": ""מוסלק - מוסתר"", ""כמות תחמושת"": ""3 כדורים"", ""מטרה-סיבת העבירה"": ""הגנה עצמית"", ""סוג הנשק [אקדח]"": 1.0, ""סוג עבירה"": ""החזקה נשק"", ""סטטוס הנשק"": ""נשק מופרד מתחמושת"", ""תכנון"": ""לא""}","{""אופן החזקת הנשק"": ""ברכב, על גופו, מוסלק - מוסתר"", ""כמות תחמושת"": ""מחסנית + 17 כדורים"", ""מטרה-סיבת העבירה"": ""סכסוך"", ""מספר עבירה"": ""144 א, 144 ב"", ""סוג הנשק [תת מקלע מאולתר]"": 1.0, ""סוג עבירה"": ""החזקה נשק, נשיאת נשק, הובלת נשק"", ""סטטוס הנשק"": ""נשק מופרד מתחמושת"", ""עבירות נוספות"": ""יסיון חבלה חמורה בנסיבות מחמירות, איומים "", ""שימוש"": ""כן,ירי"", ""תכנון"": ""כן""}"
ME-20-07-29529-567,ME-16-08-54879-35,2,0,1,"{""אופן החזקת הנשק"": ""ברכב"", ""כמות תחמושת"": ""2 מחסניות"", ""מספר עבירה"": ""144 ב"", ""סוג הנשק [אקדח]"": 1.0, ""סוג עבירה"": ""נשיאת נשק, הובלת נשק"", ""סטטוס הנשק"": ""נשק מופרד מתחמושת"", ""תכנון"": ""כן""}","{""אופן החזקת הנשק"": ""על גופו, סמוך לבית"", ""כמות תחמושת"": ""מחסנית ובה 7 כדורים"", ""מספר עבירה"": ""144 ב"", ""סוג הנשק [תת מקלע מאולתר]"": 1.0, ""סוג עבירה"": ""נשיאת נשק, הובלת נשק"", ""סטטוס הנשק"": ""נשק מופרד מתחמושת"", ""תכנון"": ""לא""}"
SH-09-05-9349-998,ME-20-07-29529-567,1,0,0,"{""אופן החזקת הנשק"": ""בבית"", ""כמות תחמושת"": ""מחסנית ובה 0 כדורים, 26 כדורים"", ""מספר עבירה"": ""144 א"", ""סוג הנשק [אקדח]"": 1.0, ""סוג עבירה"": ""החזקה נשק"", ""סטטוס הנשק"": ""נשק מופרד מתחמושת"", ""תכנון"": ""לא""}","{""אופן החזקת הנשק"": ""ברכב"", ""כמות תחמושת"": ""2 מחסניות"", ""מספר עבירה"": ""144 ב"", ""סוג הנשק [אקדח]"": 1.0, ""סוג עבירה"": ""נשיאת נשק, הובלת נשק"", ""סטטוס הנשק"": ""נשק מופרד מתחמושת"", ""תכנון"": ""כן""}"
ME-22-03-46930-359,ME-16-03-59260-279,1,0,0,"{""אופן קבלת הנשק"": ""רכש"", ""כמות תחמושת"": ""מחסנית"", ""מטרה-סיבת העבירה"": ""בצע כסף"", ""מספר עבירה"": ""144 א, 144 ב"", ""סוג הנשק [אקדח]"": 1.0, ""סוג עבירה"": ""החזקה נשק, סחר בנשק"", ""סטטוס הנשק"": ""נשק מופרד מתחמושת"", ""תכנון"": ""כן""}","{""אופן החזקת הנשק"": ""ברכב, מחסן"", ""כמות תחמושת"": ""מחסנית ובה 14 כדורים"", ""מטרה-סיבת העבירה"": ""סכסוך"", ""מספר עבירה"": ""144 א, 144 ב"", ""סוג הנשק [אקדח]"": 1.0, ""סוג עבירה"": ""החזקה נשק, נשיאת נשק"", ""סטטוס הנשק"": ""נשק עם מחסנית בהכנס"", ""תכנון"": ""כן""}"
ME-16-02-18397-87,ME-12-03-13401-281,1,0,0,"{""אופן החזקת הנשק"": ""ברכב, מוסלק - מוסתר"", ""כמות תחמושת"": ""כדורים"", ""מספר עבירה"": ""144 ב"", ""סוג הנשק [אקדח]"": 1.0, ""סוג עבירה"": ""נשיאת נשק, הובלת נשק"", ""סטטוס הנשק"": ""תקול"", ""עבירות נוספות"": ""נהיגה ללא רישיון, נהיגה ללא ביטוח וללא רישיון רכב"", ""תכנון"": ""לא""}","{""אופן החזקת הנשק"": ""ברכב"", ""כמות תחמושת"": ""2 מחסניות ובהן כדורים, 11 כדורים"", ""מספר עבירה"": ""144 א, 144 ב"", ""סוג הנשק [אקדח]"": 1.0, ""סוג עבירה"": ""החזקה נשק, נשיאת נשק, הובלת נשק"", ""סטטוס הנשק"": ""נשק עם כדור בקנה"", ""עבירות נוספות"": ""יריות באזור מגורים - עבירה לפי סעיף 340א לחוק."", ""שימוש"": ""כן,ירי"", ""תכנון"": ""לא""}"
ME-17-10-62597-895,SH-15-12-65958-120,1,0,0,"{""אופן החזקת הנשק"": ""על גופו"", ""כמות תחמושת"": ""מחסנית, כדורים"", ""מספר עבירה"": ""144 ב"", ""סוג הנשק [אקדח]"": 1.0, ""סוג עבירה"": ""נשיאת נשק, הובלת נשק"", ""סטטוס הנשק"": ""תקין"", ""תכנון"": ""לא""}","{""אופן החזקת הנשק"": ""בבית, מוסלק - מוסתר"", ""כמות תחמושת"": ""מחסנית ובה 8 כדורים + מחסנית ובה 15 כדורים + מחסנית ריקה ובה 0 כדורים + מחסנית ובה 6 כדורים"", ""מטרה-סיבת העבירה"": ""הגנה עצמית"", ""מספר עבירה"": ""144 א"", ""סוג הנשק [אקדח]"": 2.0, ""סוג הנשק [תת מקלע מאולתר]"": 1.0, ""סוג עבירה"": ""החזקה נשק"", ""סטטוס הנשק"": ""נשק עם מחסנית בהכנס"", ""תכנון"": ""כן""}"
ME-13-02-28360-614,ME-16-06-44840-433,1,0,0,"{""אופן החזקת הנשק"": ""ברכב"", ""מספר עבירה"": ""144 ב"", ""סוג הנשק [אקדח]"": 1.0, ""סוג עבירה"": ""נשיאת נשק"", ""סטטוס הנשק"": ""נשק עם כדור בקנה"", ""עבירות נוספות"": ""הפרעה לשוטר במילוי תפקידו,נהיגה ללא רישיון,נהיגה ללא ביטוח',נהיגה תחת השפעת משקאות משכרים"", ""שימוש"": ""כן,ירי"", ""תכנון"": ""לא""}","{""אופן החזקת הנשק"": ""ברכב, מוסלק - מוסתר"", ""אופן קבלת הנשק"": ""מאחר"", ""מטרה-סיבת העבירה"": ""סכסוך"", ""מספר עבירה"": ""144 א, 144 ב"", ""סוג הנשק [רימון הלם/גז]"": 2.0, ""סוג הנשק [רימון רסס]"": 1.0, ""סוג עבירה"": ""החזקה נשק, נשיאת נשק"", ""סטטוס הנשק"": ""תקין"", ""עבירות נוספות"": ""סיוע לנסיון לתקיפה לפי סעיפים 379 + 25 + 31 לחוק"", ""שימוש"": ""זריקת רימון"", ""תכנון"": ""כן""}"
SH-18-06-11098-353,SH-16-11-7544-55,3,1,1,"{""אופן החזקת הנשק"": ""מוסלק - מוסתר"", ""כמות תחמושת"": ""מספר מחסניות"", ""מספר עבירה"": ""144 א"", ""סוג הנשק [רובה סער ]"": 1.0, ""סוג עבירה"": ""החזקה נשק"", ""סטטוס הנשק"": ""נשק מופרד מתחמושת"", ""תכנון"": ""לא""}","{""אופן החזקת הנשק"": ""על גופו"", ""כמות תחמושת"": ""מחסנית ובה 10 כדורים"", ""מספר עבירה"": ""144 א"", ""סוג הנשק [תת מקלע מאולתר]"": 1.0, ""סוג עבירה"": ""החזקה נשק"", ""סטטוס הנשק"": ""נשק מופרד מתחמושת"", ""תכנון"": ""לא""}"
ME-14-07-13179-197,m08000207-175,1,0,0,"{""אופן החזקת הנשק"": ""על גופו"", ""אופן קבלת הנשק"": ""מאחר"", ""כמות תחמושת"": ""3 מחסניות"", ""מטרה-סיבת העבירה"": ""סכסוך"", ""מספר עבירה"": ""144 א, 144 ב"", ""סוג הנשק [אקדח]"": 1.0, ""סוג עבירה"": ""החזקה נשק, נשיאת נשק"", ""סטטוס הנשק"": ""נשק עם כדור בקנה"", ""עבירות נוספות"": ""ירי באזור מגורים, לפי סעיף 340א לחוק; שיבוש מהלכי משפט, לפי סעיף 244 לחוק; הפרת הוראה חוקית, לפי סעיף 287(א) לחוק; גניבה, לפי סעיף 384 לחוק; ואיומים, לפי סעיף 192 לחוק."", ""שימוש"": ""כן,ירי"", ""תכנון"": ""כן""}","{""אופן החזקת הנשק"": ""ברכב"", ""אופן קבלת הנשק"": ""מצא"", ""כמות תחמושת"": ""מחסנית ובה 15 כדורים, מחסנית וסה 10 כדורים"", ""מספר עבירה"": ""144 ב"", ""סוג הנשק [אקדח]"": 1.0, ""סוג עבירה"": ""נשיאת נשק"", ""סטטוס הנשק"": ""נשק עם מחסנית בהכנס"", ""עבירות נוספות"": ""והחזקת סם לצריכה עצמית בלבד, עבירה לפי סעיף 7(א) + (ג) סיפא לפקודת הסמים המסוכנים, התשל\""ג-1973"", ""תכנון"": ""לא""}"
SH-17-04-19242-11,SH-16-11-7544-55,3,1,1,"{""אופן החזקת הנשק"": ""בבית, מוסלק - מוסתר"", ""אופן קבלת הנשק"": ""מאחר"", ""כמות תחמושת"": ""2 מחסניות"", ""מספר עבירה"": ""144 א"", ""סוג הנשק [רובה סער ]"": 1.0, ""סוג עבירה"": ""החזקה נשק"", ""סטטוס הנשק"": ""תקין"", ""תכנון"": ""לא""}","{""אופן החזקת הנשק"": ""על גופו"", ""כמות תחמושת"": ""מחסנית ובה 10 כדורים"", ""מספר עבירה"": ""144 א"", ""סוג הנשק [תת מקלע מאולתר]"": 1.0, ""סוג עבירה"": ""החזקה נשק"", ""סטטוס הנשק"": ""נשק מופרד מתחמושת"", ""תכנון"": ""לא""}"
ME-14-10-31218-522,ME-14-12-6904-57,1,0,0,"{""אופן החזקת הנשק"": ""על גופו"", ""מספר עבירה"": ""144 א"", ""סוג הנשק [רימון הלם/גז]"": 1.0, ""סוג עבירה"": ""החזקה נשק"", ""סטטוס הנשק"": ""תקין"", ""שימוש"": ""זריקת רימון"", ""תכנון"": ""לא""}","{""אופן החזקת הנשק"": ""בבית, על גופו, מוסלק - מוסתר"", ""אופן קבלת הנשק"": ""רכש"", ""כמות תחמושת"": ""מחסנית"", ""מטרה-סיבת העבירה"": ""הגנה עצמית"", ""מספר עבירה"": ""144 ב"", ""סוג הנשק [תת מקלע מאולתר]"": 1.0, ""סוג עבירה"": ""נשיאת נשק, הובלת נשק"", ""סטטוס הנשק"": ""נשק מופרד מתחמושת"", ""עבירות נוספות"": ""החזקת סם לצריכה עצמית"", ""תכנון"": ""כן""}"
ME-16-10-9348-780,ME-17-05-35227-215,1,0,0,"{""אופן החזקת הנשק"": ""בבית, ברכב"", ""אופן קבלת הנשק"": ""גנב"", ""כמות תחמושת"": ""75 כדורים"", ""מטרה-סיבת העבירה"": ""לעורר את אביו"", ""מספר עבירה"": ""144 ב"", ""סוג הנשק [רובה צייד]"": 1.0, ""סוג עבירה"": ""נשיאת נשק"", ""סטטוס הנשק"": ""נשק מופרד מתחמושת"", ""תכנון"": ""לא""}","{""אופן החזקת הנשק"": ""ברכב"", ""כמות תחמושת"": ""מחסנית"", ""מספר עבירה"": ""144 ב"", ""סוג הנשק [תת מקלע מאולתר]"": 1.0, ""סוג עבירה"": ""נשיאת נשק, הובלת נשק"", ""סטטוס הנשק"": ""נשק עם מחסנית בהכנס"", ""תכנון"": ""כן""}"
ME-16-06-42987-901,ME-12-04-33577-700,1,0,0,"{""אופן קבלת הנשק"": ""מאחר"", ""כמות תחמושת"": ""כדור"", ""מטרה-סיבת העבירה"": ""סכסוך"", ""מספר עבירה"": ""144 ב"", ""סוג הנשק - אם לא נמצא בטבלה"": ""כלי נשק מאולתר"", ""סוג הנשק [רימון הלם/גז]"": 4.0, ""סוג עבירה"": ""נשיאת נשק"", ""סטטוס הנשק"": ""נשק עם כדור בקנה"", ""עבירות נוספות"": ""איומים לפי סעיף 192 לחוק; חבלה מחמירה לפי סעיף 329(א)(2) לחוק וניסיון תקיפה בנסיבות מחמירות לפי סעיפים 382(א) + 25 לחוק העונשין. חמש עבירות של סחר בסמים לפי סעיפים 13+19א' לפקודת הסמים המסוכנים [נוסח חדש] תשל\""ג-1973 ובעבירה אחת של החזקת סם שלא לשימוש עצמי לפי סעיפים 7(א) + 7(ג) רישא לפקודה זו.עבירה של גניבה לפי סעיף 384 לחוק העונשין."", ""שימוש"": ""ניסיון לירי ללא הצלחה, זריקת רימון"", ""תכנון"": ""כן""}","{""אופן החזקת הנשק"": ""על גופו"", ""מטרה-סיבת העבירה"": ""סכסוך"", ""מספר עבירה"": ""144 א, 144 ב"", ""סוג הנשק [אקדח]"": 1.0, ""סוג עבירה"": ""החזקה נשק, נשיאת נשק"", ""סטטוס הנשק"": ""תקין"", ""עבירות נוספות"": ""חבלה בכוונה מחמירה, עבירה לפי סעיף 329(א)(2) לחוק העונשין ויריות באזור מגורים, עבירה לפי סעיף 340(א) לחוק העונשין."", ""שימוש"": ""כן,ירי"", ""תכנון"": ""כן""}"
ME-15-08-44579-251,SH-17-04-19242-11,1,0,0,"{""אופן החזקת הנשק"": ""ברכב, מוסלק - מוסתר"", ""כמות תחמושת"": ""מחסנית ובה 0 כדורים"", ""מספר עבירה"": ""144 ב"", ""סוג הנשק [אקדח]"": 1.0, ""סוג עבירה"": ""נשיאת נשק"", ""סטטוס הנשק"": ""נשק מופרד מתחמושת"", ""תכנון"": ""לא""}","{""אופן החזקת הנשק"": ""בבית, מוסלק - מוסתר"", ""אופן קבלת הנשק"": ""מאחר"", ""כמות תחמושת"": ""2 מחסניות"", ""מספר עבירה"": ""144 א"", ""סוג הנשק [רובה סער ]"": 1.0, ""סוג עבירה"": ""החזקה נשק"", ""סטטוס הנשק"": ""תקין"", ""תכנון"": ""לא""}"
ME-15-06-12109-344,SH-14-11-8987-965,1,0,0,"{""אופן החזקת הנשק"": ""ברכב"", ""מספר עבירה"": ""144 ב"", ""סוג הנשק [אקדח]"": 1.0, ""סוג עבירה"": ""נשיאת נשק, הובלת נשק"", ""סטטוס הנשק"": ""תקין"", ""תכנון"": ""כן""}","{""אופן קבלת הנשק"": ""גנב"", ""מספר עבירה"": ""144 א"", ""סוג הנשק [אקדח]"": 1.0, ""סוג עבירה"": ""החזקה נשק"", ""סטטוס הנשק"": ""תקול"", ""עבירות נוספות"": ""גניבה לפי סעיפים 384"", ""תכנון"": ""לא""}"
ME-21-10-18557-340,ME-16-12-50986-619,3,1,1,"{""אופן החזקת הנשק"": ""ברכב, על גופו"", ""כמות תחמושת"": ""מחסנית + 2 כדורים"", ""מטרה-סיבת העבירה"": ""סכסוך"", ""מספר עבירה"": ""144 א, 144 ב"", ""סוג הנשק [תת מקלע מאולתר]"": 1.0, ""סוג עבירה"": ""החזקה נשק, נשיאת נשק, הובלת נשק"", ""סטטוס הנשק"": ""נשק עם כדור בקנה"", ""עבירות נוספות"": ""ירי מנשק חם"", ""שימוש"": ""כן,ירי"", ""תכנון"": ""לא""}","{""אופן החזקת הנשק"": ""ברכב"", ""מטרה-סיבת העבירה"": ""סכסוך"", ""מספר עבירה"": ""144 ב"", ""סוג הנשק - אם לא נמצא בטבלה"": ""כלי נשק"", ""סוג עבירה"": ""נשיאת נשק, הובלת נשק"", ""סטטוס הנשק"": ""נשק עם כדור בקנה"", ""עבירות נוספות"": ""בעבירות של קשירת קשר לפשע, לפי סעיף 449(א)(1) לחוק העונשין; איומים, לפי סעיף 192 לחוק העונשין;  וירי באזור מגורים, לפי סעיף 340 א' לחוק העונשין."", ""שימוש"": ""כן,ירי"", ""תכנון"": ""לא""}"
ME-13-10-53169-537,ME-13-10-28139-807,2,0,1,"{""אופן החזקת הנשק"": ""על גופו"", ""כמות תחמושת"": ""מחסנית ריקה ובה 0 כדורים + 2 כדורים + 17 כדורים"", ""מספר עבירה"": ""144 ב"", ""סוג הנשק [אקדח]"": 1.0, ""סוג עבירה"": ""נשיאת נשק"", ""סטטוס הנשק"": ""נשק עם מחסנית בהכנס"", ""שימוש"": ""כן,ירי"", ""תכנון"": ""כן""}","{""אופן החזקת הנשק"": ""על גופו"", ""מטרה-סיבת העבירה"": ""סכסוך"", ""מספר עבירה"": ""144 א"", ""סוג הנשק [אקדח]"": 1.0, ""סוג עבירה"": ""ביצוע עבירות בנשק"", ""סטטוס הנשק"": ""תקין"", ""עבירות נוספות"": ""ניסיון לחבלה חמורה בנסיבות מחמירות לפי סעיפים 333+335(א)(1) ו-25 לפי החוק."", ""שימוש"": ""כן,ירי"", ""תכנון"": ""כן""}"
SH-15-12-65958-120,SH-16-09-33552-535,3,1,1,"{""אופן החזקת הנשק"": ""בבית, מוסלק - מוסתר"", ""כמות תחמושת"": ""מחסנית ובה 8 כדורים + מחסנית ובה 15 כדורים + מחסנית ריקה ובה 0 כדורים + מחסנית ובה 6 כדורים"", ""מטרה-סיבת העבירה"": ""הגנה עצמית"", ""מספר עבירה"": ""144 א"", ""סוג הנשק [אקדח]"": 2.0, ""סוג הנשק [תת מקלע מאולתר]"": 1.0, ""סוג עבירה"": ""החזקה נשק"", ""סטטוס הנשק"": ""נשק עם מחסנית בהכנס"", ""תכנון"": ""כן""}","{""אופן החזקת הנשק"": ""מוסלק - מוסתר"", ""כמות תחמושת"": ""מחסנית, מחסנית ובה 0 כדורים, 4 כדורים, 60 כדורים"", ""מספר עבירה"": ""144 א"", ""סוג הנשק [אקדח]"": 1.0, ""סוג הנשק [רובה סער מאולתר]"": 1.0, ""סוג עבירה"": ""החזקה נשק"", ""סטטוס הנשק"": ""נשק מופרד מתחמושת"", ""תכנון"": ""כן""}"
ME-16-05-9968-487,SH-11-01-41775-497,2,0,1,"{""אופן החזקת הנשק"": ""בבית, מוסלק - מוסתר"", ""אופן קבלת הנשק"": ""מאחר"", ""כמות תחמושת"": ""מחסנית"", ""מספר עבירה"": ""144 א, 144 ב"", ""סוג הנשק [תת מקלע מאולתר]"": 1.0, ""סוג עבירה"": ""החזקה נשק, נשיאת נשק"", ""סטטוס הנשק"": ""נשק עם מחסנית בהכנס"", ""תכנון"": ""לא""}","{""אופן החזקת הנשק"": ""בבית, ברכב"", ""כמות תחמושת"": ""מחסנית ריקה ובה 0 כדורים + 34 כדורים"", ""מטרה-סיבת העבירה"": ""הגנה עצמית"", ""סוג הנשק [אקדח]"": 1.0, ""סוג עבירה"": ""החזקה נשק, נשיאת נשק"", ""סטטוס הנשק"": ""נשק מופרד מתחמושת"", ""תכנון"": ""לא""}"
ME-19-04-1316-977,ME-16-05-19384-544,1,0,0,"{""אופן החזקת הנשק"": ""ברכב"", ""אופן קבלת הנשק"": ""מאחר"", ""כמות תחמושת"": ""900 כדורים"", ""מטרה-סיבת העבירה"": ""בצע כסף"", ""מספר עבירה"": ""144 ב"", ""סוג הנשק [תת מקלע מאולתר]"": 1.0, ""סוג עבירה"": ""סחר בנשק, ניסיון לסחר"", ""סטטוס הנשק"": ""תקין"", ""תכנון"": ""כן""}","{""אופן החזקת הנשק"": ""מוסלק - מוסתר, סמוך לבית"", ""אופן קבלת הנשק"": ""רכש"", ""כמות תחמושת"": ""10 כדורים"", ""מטרה-סיבת העבירה"": ""בצע כסף"", ""מספר עבירה"": ""144 א, 144 ב"", ""סוג הנשק [רובה סער ]"": 1.0, ""סוג הנשק [תת מקלע]"": 3.0, ""סוג עבירה"": ""נשיאת נשק, סחר בנשק"", ""סטטוס הנשק"": ""נשק עם כדור בקנה"", ""עבירות נוספות"": ""ניסיון לחבלה חמורה,רכישת נשק "", ""שימוש"": ""כן,ירי"", ""תכנון"": ""כן""}"
SH-16-02-10948-419,SH-16-11-19417-55,3,1,1,"{""אופן החזקת הנשק"": ""בבית, מוסלק - מוסתר"", ""מספר עבירה"": ""144 א"", ""סוג הנשק [אקדח]"": 1.0, ""סוג עבירה"": ""החזקה נשק"", ""סטטוס הנשק"": ""תקין"", ""תכנון"": ""לא""}","{""אופן החזקת הנשק"": ""ברכב"", ""כמות תחמושת"": ""מחסנית ובה כדורים"", ""מספר עבירה"": ""144 א"", ""סוג הנשק [אקדח]"": 1.0, ""סוג עבירה"": ""החזקה נשק"", ""סטטוס הנשק"": ""נשק מופרד מתחמושת"", ""תכנון"": ""לא""}"
ME-22-03-52964-443,ME-17-05-35227-215,2,0,1,"{""אופן החזקת הנשק"": ""על גופו"", ""כמות תחמושת"": ""מחסנית ובה 16 כדורים, מחסנית ובה 16 כדורים"", ""מטרה-סיבת העבירה"": ""סכסוך"", ""מספר עבירה"": ""144 א, 144 ב"", ""סוג הנשק [אקדח]"": 1.0, ""סוג עבירה"": ""החזקה נשק, נשיאת נשק, הובלת נשק"", ""סטטוס הנשק"": ""נשק עם מחסנית בהכנס"", ""עבירות נוספות"": ""עבירת הפרעה לשוטר במילוי תפקידו לפי סעיף 275 לחוק."", ""תכנון"": ""כן""}","{""אופן החזקת הנשק"": ""ברכב"", ""כמות תחמושת"": ""מחסנית"", ""מספר עבירה"": ""144 ב"", ""סוג הנשק [תת מקלע מאולתר]"": 1.0, ""סוג עבירה"": ""נשיאת נשק, הובלת נשק"", ""סטטוס הנשק"": ""נשק עם מחסנית בהכנס"", ""תכנון"": ""כן""}"
ME-18-04-19642-504,ME-21-10-18557-340,2,0,1,"{""אופן החזקת הנשק"": ""ברכב, על גופו"", ""כמות תחמושת"": ""2 מחסניות, 40 כדורים"", ""מטרה-סיבת העבירה"": ""אלימות כלפי נשים"", ""מספר עבירה"": ""144 א, 144 ב"", ""סוג הנשק [אקדח]"": 1.0, ""סוג עבירה"": ""נשיאת נשק, הובלת נשק"", ""סטטוס הנשק"": ""נשק עם כדור בקנה"", ""עבירות נוספות"": ""במעשי פזיזות ורשלנות, לפי ס' 338(א)(5) לחוק."", ""שימוש"": ""כן,ירי"", ""תכנון"": ""לא""}","{""אופן החזקת הנשק"": ""ברכב, על גופו"", ""כמות תחמושת"": ""מחסנית + 2 כדורים"", ""מטרה-סיבת העבירה"": ""סכסוך"", ""מספר עבירה"": ""144 א, 144 ב"", ""סוג הנשק [תת מקלע מאולתר]"": 1.0, ""סוג עבירה"": ""החזקה נשק, נשיאת נשק, הובלת נשק"", ""סטטוס הנשק"": ""נשק עם כדור בקנה"", ""עבירות נוספות"": ""ירי מנשק חם"", ""שימוש"": ""כן,ירי"", ""תכנון"": ""לא""}"
ME-16-03-59260-279,SH-11-12-35552-181,2,0,1,"{""אופן החזקת הנשק"": ""ברכב, מחסן"", ""כמות תחמושת"": ""מחסנית ובה 14 כדורים"", ""מטרה-סיבת העבירה"": ""סכסוך"", ""מספר עבירה"": ""144 א, 144 ב"", ""סוג הנשק [אקדח]"": 1.0, ""סוג עבירה"": ""החזקה נשק, נשיאת נשק"", ""סטטוס הנשק"": ""נשק עם מחסנית בהכנס"", ""תכנון"": ""כן""}","{""אופן החזקת הנשק"": ""בבית"", ""אופן קבלת הנשק"": ""רכש"", ""מספר עבירה"": ""144 א"", ""סוג הנשק [אקדח]"": 1.0, ""סוג עבירה"": ""החזקה נשק"", ""סטטוס הנשק"": ""תקין"", ""תכנון"": ""כן""}"
ME-16-06-44840-433,ME-14-10-31218-522,1,0,0,"{""אופן החזקת הנשק"": ""ברכב, מוסלק - מוסתר"", ""אופן קבלת הנשק"": ""מאחר"", ""מטרה-סיבת העבירה"": ""סכסוך"", ""מספר עבירה"": ""144 א, 144 ב"", ""סוג הנשק [רימון הלם/גז]"": 2.0, ""סוג הנשק [רימון רסס]"": 1.0, ""סוג עבירה"": ""החזקה נשק, נשיאת נשק"", ""סטטוס הנשק"": ""תקין"", ""עבירות נוספות"": ""סיוע לנסיון לתקיפה לפי סעיפים 379 + 25 + 31 לחוק"", ""שימוש"": ""זריקת רימון"", ""תכנון"": ""כן""}","{""אופן החזקת הנשק"": ""על גופו"", ""מספר עבירה"": ""144 א"", ""סוג הנשק [רימון הלם/גז]"": 1.0, ""סוג עבירה"": ""החזקה נשק"", ""סטטוס הנשק"": ""תקין"", ""שימוש"": ""זריקת רימון"", ""תכנון"": ""לא""}"
sh-10-05-7434-952,SH-18-06-11098-353,1,0,0,"{""אופן החזקת הנשק"": ""בבית, מוסלק - מוסתר"", ""כמות תחמושת"": ""מחסנית"", ""מספר עבירה"": ""144 א"", ""סוג הנשק [אקדח]"": 2.0, ""סוג עבירה"": ""החזקה נשק"", ""סטטוס הנשק"": ""נשק מופרד מתחמושת"", ""תכנון"": ""לא""}","{""אופן החזקת הנשק"": ""מוסלק - מוסתר"", ""כמות תחמושת"": ""מספר מחסניות"", ""מספר עבירה"": ""144 א"", ""סוג הנשק [רובה סער ]"": 1.0, ""סוג עבירה"": ""החזקה נשק"", ""סטטוס הנשק"": ""נשק מופרד מתחמושת"", ""תכנון"": ""לא""}"
SH-19-07-60805-168,SH-16-11-7544-55,2,0,1,"{""אופן החזקת הנשק"": ""ברכב, מוסלק - מוסתר"", ""כמות תחמושת"": ""מחסנית ובה 10 כדורים"", ""מספר עבירה"": ""144 א"", ""סוג הנשק [אקדח]"": 1.0, ""סוג עבירה"": ""החזקה נשק"", ""סטטוס הנשק"": ""נשק עם מחסנית בהכנס"", ""תכנון"": ""לא""}","{""אופן החזקת הנשק"": ""על גופו"", ""כמות תחמושת"": ""מחסנית ובה 10 כדורים"", ""מספר עבירה"": ""144 א"", ""סוג הנשק [תת מקלע מאולתר]"": 1.0, ""סוג עבירה"": ""החזקה נשק"", ""סטטוס הנשק"": ""נשק מופרד מתחמושת"", ""תכנון"": ""לא""}"
SH-14-11-8987-965,ME-16-12-50986-619,1,0,0,"{""אופן קבלת הנשק"": ""גנב"", ""מספר עבירה"": ""144 א"", ""סוג הנשק [אקדח]"": 1.0, ""סוג עבירה"": ""החזקה נשק"", ""סטטוס הנשק"": ""תקול"", ""עבירות נוספות"": ""גניבה לפי סעיפים 384"", ""תכנון"": ""לא""}","{""אופן החזקת הנשק"": ""ברכב"", ""מטרה-סיבת העבירה"": ""סכסוך"", ""מספר עבירה"": ""144 ב"", ""סוג הנשק - אם לא נמצא בטבלה"": ""כלי נשק"", ""סוג עבירה"": ""נשיאת נשק, הובלת נשק"", ""סטטוס הנשק"": ""נשק עם כדור בקנה"", ""עבירות נוספות"": ""בעבירות של קשירת קשר לפשע, לפי סעיף 449(א)(1) לחוק העונשין; איומים, לפי סעיף 192 לחוק העונשין;  וירי באזור מגורים, לפי סעיף 340 א' לחוק העונשין."", ""שימוש"": ""כן,ירי"", ""תכנון"": ""לא""}"
SH-16-09-33552-535,ME-16-11-56385-886,1,0,0,"{""אופן החזקת הנשק"": ""מוסלק - מוסתר"", ""כמות תחמושת"": ""מחסנית, מחסנית ובה 0 כדורים, 4 כדורים, 60 כדורים"", ""מספר עבירה"": ""144 א"", ""סוג הנשק [אקדח]"": 1.0, ""סוג הנשק [רובה סער מאולתר]"": 1.0, ""סוג עבירה"": ""החזקה נשק"", ""סטטוס הנשק"": ""נשק מופרד מתחמושת"", ""תכנון"": ""כן""}","{""אופן החזקת הנשק"": ""על גופו"", ""אופן קבלת הנשק"": ""גנב"", ""מספר עבירה"": ""144 א"", ""סוג הנשק [אקדח]"": 1.0, ""סוג עבירה"": ""החזקה נשק"", ""סטטוס הנשק"": ""נשק עם כדור בקנה"", ""תכנון"": ""לא""}"
ME-17-08-28615-573,ME-17-05-35227-215,2,0,1,"{""אופן החזקת הנשק"": ""על גופו"", ""כמות תחמושת"": ""מחסנית ובה 9 כדורים, 50 כדורים"", ""מספר עבירה"": ""144 א, 144 ב"", ""סוג הנשק [רימון הלם/גז]"": 1.0, ""סוג הנשק [תת מקלע מאולתר]"": 1.0, ""סוג עבירה"": ""החזקה נשק, נשיאת נשק"", ""סטטוס הנשק"": ""נשק מופרד מתחמושת"", ""עבירות נוספות"": ""הפרעה לשוטר במילוי תפקידו, לפי סעיף 275 לחוק העונשין"", ""תכנון"": ""כן""}","{""אופן החזקת הנשק"": ""ברכב"", ""כמות תחמושת"": ""מחסנית"", ""מספר עבירה"": ""144 ב"", ""סוג הנשק [תת מקלע מאולתר]"": 1.0, ""סוג עבירה"": ""נשיאת נשק, הובלת נשק"", ""סטטוס הנשק"": ""נשק עם מחסנית בהכנס"", ""תכנון"": ""כן""}"
SH-16-11-7544-55,ME-16-10-12213-904,1,0,0,"{""אופן החזקת הנשק"": ""על גופו"", ""כמות תחמושת"": ""מחסנית ובה 10 כדורים"", ""מספר עבירה"": ""144 א"", ""סוג הנשק [תת מקלע מאולתר]"": 1.0, ""סוג עבירה"": ""החזקה נשק"", ""סטטוס הנשק"": ""נשק מופרד מתחמושת"", ""תכנון"": ""לא""}","{""אופן החזקת הנשק"": ""ברכב, מוסלק - מוסתר"", ""אופן קבלת הנשק"": ""מצא"", ""כמות תחמושת"": ""מחסנית ריקה ובה 0 כדורים + 1 כדור"", ""מספר עבירה"": ""144 ב"", ""סוג הנשק [תת מקלע מאולתר]"": 1.0, ""סוג עבירה"": ""נשיאת נשק"", ""סטטוס הנשק"": ""נשק מופרד מתחמושת"", ""תכנון"": ""כן""}"
ME-15-02-9111-399,ME-14-07-13179-197,1,0,0,"{""אופן החזקת הנשק"": ""על גופו"", ""כמות תחמושת"": ""מחסנית ובה 13 כדורים"", ""מספר עבירה"": ""144 א"", ""סוג הנשק [אקדח]"": 1.0, ""סטטוס הנשק"": ""נשק מופרד מתחמושת"", ""תכנון"": ""לא""}","{""אופן החזקת הנשק"": ""על גופו"", ""אופן קבלת הנשק"": ""מאחר"", ""כמות תחמושת"": ""3 מחסניות"", ""מטרה-סיבת העבירה"": ""סכסוך"", ""מספר עבירה"": ""144 א, 144 ב"", ""סוג הנשק [אקדח]"": 1.0, ""סוג עבירה"": ""החזקה נשק, נשיאת נשק"", ""סטטוס הנשק"": ""נשק עם כדור בקנה"", ""עבירות נוספות"": ""ירי באזור מגורים, לפי סעיף 340א לחוק; שיבוש מהלכי משפט, לפי סעיף 244 לחוק; הפרת הוראה חוקית, לפי סעיף 287(א) לחוק; גניבה, לפי סעיף 384 לחוק; ואיומים, לפי סעיף 192 לחוק."", ""שימוש"": ""כן,ירי"", ""תכנון"": ""כן""}"
SH-20-02-52091-995,ME-17-05-35227-215,1,0,0,"{""אופן החזקת הנשק"": ""בבית"", ""כמות תחמושת"": ""20 כדורים"", ""מספר עבירה"": ""144 א"", ""סוג הנשק [תת מקלע מאולתר]"": 1.0, ""סוג עבירה"": ""החזקה נשק"", ""סטטוס הנשק"": ""נשק מופרד מתחמושת"", ""תכנון"": ""לא""}","{""אופן החזקת הנשק"": ""ברכב"", ""כמות תחמושת"": ""מחסנית"", ""מספר עבירה"": ""144 ב"", ""סוג הנשק [תת מקלע מאולתר]"": 1.0, ""סוג עבירה"": ""נשיאת נשק, הובלת נשק"", ""סטטוס הנשק"": ""נשק עם מחסנית בהכנס"", ""תכנון"": ""כן""}"
SH-16-11-19417-55,SH-16-11-7544-55,3,1,1,"{""אופן החזקת הנשק"": ""ברכב"", ""כמות תחמושת"": ""מחסנית ובה כדורים"", ""מספר עבירה"": ""144 א"", ""סוג הנשק [אקדח]"": 1.0, ""סוג עבירה"": ""החזקה נשק"", ""סטטוס הנשק"": ""נשק מופרד מתחמושת"", ""תכנון"": ""לא""}","{""אופן החזקת הנשק"": ""על גופו"", ""כמות תחמושת"": ""מחסנית ובה 10 כדורים"", ""מספר עבירה"": ""144 א"", ""סוג הנשק [תת מקלע מאולתר]"": 1.0, ""סוג עבירה"": ""החזקה נשק"", ""סטטוס הנשק"": ""נשק מופרד מתחמושת"", ""תכנון"": ""לא""}"
ME-19-01-53615-8,SH-15-12-65958-120,1,0,0,"{""אופן החזקת הנשק"": ""ברכב, על גופו"", ""כמות תחמושת"": ""מחסנית"", ""מטרה-סיבת העבירה"": ""תחושת חוסר אונים וצורך בקבלת עזרה חיצונית במצבו"", ""מספר עבירה"": ""144 ב"", ""סוג הנשק [תת מקלע מאולתר]"": 1.0, ""סוג עבירה"": ""נשיאת נשק, הובלת נשק"", ""סטטוס הנשק"": ""נשק עם כדור בקנה"", ""עבירות נוספות"": ""ירי מנשק חם באזור מגורים"", ""שימוש"": ""כן,ירי"", ""תכנון"": ""לא""}","{""אופן החזקת הנשק"": ""בבית, מוסלק - מוסתר"", ""כמות תחמושת"": ""מחסנית ובה 8 כדורים + מחסנית ובה 15 כדורים + מחסנית ריקה ובה 0 כדורים + מחסנית ובה 6 כדורים"", ""מטרה-סיבת העבירה"": ""הגנה עצמית"", ""מספר עבירה"": ""144 א"", ""סוג הנשק [אקדח]"": 2.0, ""סוג הנשק [תת מקלע מאולתר]"": 1.0, ""סוג עבירה"": ""החזקה נשק"", ""סטטוס הנשק"": ""נשק עם מחסנית בהכנס"", ""תכנון"": ""כן""}"
SH-14-02-28659-762,SH-17-10-10556-234,3,1,1,"{""אופן החזקת הנשק"": ""בבית"", ""כמות תחמושת"": ""מחסנית וכדורים"", ""מטרה-סיבת העבירה"": ""הגנה עצמית"", ""מספר עבירה"": ""144 א"", ""סוג הנשק [תת מקלע]"": 1.0, ""סוג עבירה"": ""החזקה נשק"", ""סטטוס הנשק"": ""נשק מופרד מתחמושת"", ""תכנון"": ""לא""}","{""אופן החזקת הנשק"": ""מוסלק - מוסתר, סמוך לבית"", ""כמות תחמושת"": ""מחסנית ובה 10 כדורים"", ""מספר עבירה"": ""144 א"", ""סוג הנשק [אקדח]"": 2.0, ""סוג עבירה"": ""החזקה נשק"", ""סטטוס הנשק"": ""נשק עם מחסנית בהכנס"", ""תכנון"": ""לא""}"
m07001074-98,ME-17-05-35227-215,1,0,0,"{""אופן החזקת הנשק"": ""בבית, מוסלק - מוסתר"", ""אופן קבלת הנשק"": ""מצא"", ""כמות תחמושת"": ""מחסנית ריקה ובה 0 כדורים + מחסנית ריקה ובה 0 כדורים"", ""מספר עבירה"": ""144 א"", ""סוג הנשק [תת מקלע]"": 1.0, ""סוג עבירה"": ""החזקה נשק"", ""סטטוס הנשק"": ""נשק מפורק, תקול"", ""תכנון"": ""לא""}","{""אופן החזקת הנשק"": ""ברכב"", ""כמות תחמושת"": ""מחסנית"", ""מספר עבירה"": ""144 ב"", ""סוג הנשק [תת מקלע מאולתר]"": 1.0, ""סוג עבירה"": ""נשיאת נשק, הובלת נשק"", ""סטטוס הנשק"": ""נשק עם מחסנית בהכנס"", ""תכנון"": ""כן""}"
SH-18-07-52337-770,ME-16-06-50916-362,1,0,0,"{""אופן החזקת הנשק"": ""בבית, מוסלק - מוסתר"", ""אופן קבלת הנשק"": ""מאחר"", ""מספר עבירה"": ""144 א"", ""סוג הנשק [תת מקלע מאולתר]"": 1.0, ""סוג עבירה"": ""החזקה נשק"", ""סטטוס הנשק"": ""תקין"", ""תכנון"": ""לא""}","{""אופן החזקת הנשק"": ""ברכב"", ""מטרה-סיבת העבירה"": ""סכסוך"", ""מספר עבירה"": ""144 ב"", ""סוג הנשק [תת מקלע]"": 1.0, ""סוג עבירה"": ""נשיאת נשק"", ""סטטוס הנשק"": ""נשק עם כדור בקנה"", ""עבירות נוספות"": ""איומים, עבירה לפי סעיף 192  לחוק העונשין, יריות באזור מגורים, עבירה לפי סעיף 340א לחוק העונשין, מעשה פזיזות ורשלנות, עבירה לפי סעיף 338(א)(5) לחוק העונשין, נהיגה בזמן פסילה, עבירה לפי סעיף 67 לפקודת התעבורה תשכ\""א – 1961 ונהיגה ללא רישיון נהיגה, עבירה לפי סעיף 10א וסעיף 62(1) לפקודת התעבורה [נוסח חדש],תשכ\""א-1961."", ""שימוש"": ""כן,ירי"", ""תכנון"": ""לא""}"
SH-17-11-53539-235,m07001074-98,3,1,1,"{""אופן החזקת הנשק"": ""בבית"", ""כמות תחמושת"": ""מחסנית ובה 0 כדורים, 28 כדורים"", ""מספר עבירה"": ""144 א"", ""סוג הנשק [אקדח]"": 1.0, ""סוג עבירה"": ""החזקה נשק"", ""סטטוס הנשק"": ""נשק מופרד מתחמושת"", ""תכנון"": ""כן""}","{""אופן החזקת הנשק"": ""בבית, מוסלק - מוסתר"", ""אופן קבלת הנשק"": ""מצא"", ""כמות תחמושת"": ""מחסנית ריקה ובה 0 כדורים + מחסנית ריקה ובה 0 כדורים"", ""מספר עבירה"": ""144 א"", ""סוג הנשק [תת מקלע]"": 1.0, ""סוג עבירה"": ""החזקה נשק"", ""סטטוס הנשק"": ""נשק מפורק, תקול"", ""תכנון"": ""לא""}"
ME-16-11-69158-529,ME-12-03-13401-281,3,1,1,"{""אופן החזקת הנשק"": ""ברכב, מוסלק - מוסתר, סמוך לבית"", ""כמות תחמושת"": ""מחסנית"", ""מטרה-סיבת העבירה"": ""חתונה"", ""מספר עבירה"": ""144 ב"", ""סוג הנשק [תת מקלע]"": 1.0, ""סוג עבירה"": ""נשיאת נשק"", ""סטטוס הנשק"": ""נשק עם כדור בקנה"", ""עבירות נוספות"": ""ירי באזור מגורים"", ""שימוש"": ""כן,ירי"", ""תכנון"": ""כן""}","{""אופן החזקת הנשק"": ""ברכב"", ""כמות תחמושת"": ""2 מחסניות ובהן כדורים, 11 כדורים"", ""מספר עבירה"": ""144 א, 144 ב"", ""סוג הנשק [אקדח]"": 1.0, ""סוג עבירה"": ""החזקה נשק, נשיאת נשק, הובלת נשק"", ""סטטוס הנשק"": ""נשק עם כדור בקנה"", ""עבירות נוספות"": ""יריות באזור מגורים - עבירה לפי סעיף 340א לחוק."", ""שימוש"": ""כן,ירי"", ""תכנון"": ""לא""}"
ME-21-06-43085-219,SH-17-08-47445-166,1,0,0,"{""אופן החזקת הנשק"": ""ברכב"", ""מטרה-סיבת העבירה"": ""סכסוך"", ""מספר עבירה"": ""144 א, 144 ב"", ""סוג הנשק [אקדח]"": 1.0, ""סוג עבירה"": ""החזקה נשק, נשיאת נשק"", ""סטטוס הנשק"": ""נשק עם כדור בקנה"", ""עבירות נוספות"": ""ירי מנשק חם, לפי סעיף 340א' (ב)(1) בחוק העונשין; היזק בזדון, לפי סעיף 452 בחוק העונשין; חבלה במזיד, לפי סעיף 413ה' בחוק העונשין; נהיגה ללא רישיון נהיגה, לפי סעיף 10(א) בפקודת התעבורה, התשכ\""א – 1961; ונהיגה ללא פוליסת ביטוח בתוקף, לפי סעיף 2(א) ו – (ב) בפקודת ביטוח רכב מנועי [נוסח משולב] תש\""ל – 1970."", ""שימוש"": ""כן,ירי"", ""תכנון"": ""כן""}","{""אופן החזקת הנשק"": ""בבית"", ""מספר עבירה"": ""144 א"", ""סוג הנשק [אקדח]"": 1.0, ""סוג הנשק [תת מקלע מאולתר]"": 1.0, ""סוג עבירה"": ""החזקה נשק"", ""סטטוס הנשק"": ""תקין"", ""תכנון"": ""לא""}"
ME-16-05-19384-544,m08000207-175,1,0,0,"{""אופן החזקת הנשק"": ""מוסלק - מוסתר, סמוך לבית"", ""אופן קבלת הנשק"": ""רכש"", ""כמות תחמושת"": ""10 כדורים"", ""מטרה-סיבת העבירה"": ""בצע כסף"", ""מספר עבירה"": ""144 א, 144 ב"", ""סוג הנשק [רובה סער ]"": 1.0, ""סוג הנשק [תת מקלע]"": 3.0, ""סוג עבירה"": ""נשיאת נשק, סחר בנשק"", ""סטטוס הנשק"": ""נשק עם כדור בקנה"", ""עבירות נוספות"": ""ניסיון לחבלה חמורה,רכישת נשק "", ""שימוש"": ""כן,ירי"", ""תכנון"": ""כן""}","{""אופן החזקת הנשק"": ""ברכב"", ""אופן קבלת הנשק"": ""מצא"", ""כמות תחמושת"": ""מחסנית ובה 15 כדורים, מחסנית וסה 10 כדורים"", ""מספר עבירה"": ""144 ב"", ""סוג הנשק [אקדח]"": 1.0, ""סוג עבירה"": ""נשיאת נשק"", ""סטטוס הנשק"": ""נשק עם מחסנית בהכנס"", ""עבירות נוספות"": ""והחזקת סם לצריכה עצמית בלבד, עבירה לפי סעיף 7(א) + (ג) סיפא לפקודת הסמים המסוכנים, התשל\""ג-1973"", ""תכנון"": ""לא""}"
SH-11-05-24791-315,ME-16-02-59812-881,1,0,0,"{""אופן החזקת הנשק"": ""בבית"", ""אופן קבלת הנשק"": ""מאחר"", ""כמות תחמושת"": ""2 מחסניות"", ""מספר עבירה"": ""144 א"", ""סוג הנשק [אקדח]"": 1.0, ""סוג עבירה"": ""החזקה נשק"", ""סטטוס הנשק"": ""נשק מופרד מתחמושת"", ""תכנון"": ""לא""}","{""אופן קבלת הנשק"": ""עבודה"", ""כמות תחמושת"": ""2 מחסניות, 20 כדורים"", ""מטרה-סיבת העבירה"": ""מימון סמים"", ""מספר עבירה"": ""144 ב"", ""סוג הנשק [אקדח]"": 1.0, ""סוג עבירה"": ""סחר בנשק"", ""סטטוס הנשק"": ""תקין"", ""עבירות נוספות"": ""מסירת ידיעה כוזבת על עבירת פשע, לפי סעיף 243 סיפא לחוק; שיבוש הליכי משפט, לפי סעיף 244 לחוק."", ""תכנון"": ""כן""}"
ME-16-01-31498-921,ME-16-10-9348-780,1,0,0,"{""אופן החזקת הנשק"": ""באוטובוס"", ""אופן קבלת הנשק"": ""גנב"", ""מטרה-סיבת העבירה"": ""בצע כסף"", ""מספר עבירה"": ""144 ב"", ""סוג הנשק [רימון הלם/גז]"": 3.0, ""סוג הנשק [רימון רסס]"": 4.0, ""סוג עבירה"": ""נשיאת נשק, הובלת נשק"", ""סטטוס הנשק"": ""תקין"", ""עבירות נוספות"": ""עבירות של גניבה, לפי סעיף 384 לחוק העונשין תשל\""ז-1977 להלן: \""חוק העונשין\"")"", ""תכנון"": ""כן""}","{""אופן החזקת הנשק"": ""בבית, ברכב"", ""אופן קבלת הנשק"": ""גנב"", ""כמות תחמושת"": ""75 כדורים"", ""מטרה-סיבת העבירה"": ""לעורר את אביו"", ""מספר עבירה"": ""144 ב"", ""סוג הנשק [רובה צייד]"": 1.0, ""סוג עבירה"": ""נשיאת נשק"", ""סטטוס הנשק"": ""נשק מופרד מתחמושת"", ""תכנון"": ""לא""}"
ME-09-11-7566-913,ME-16-06-50916-362,1,0,0,"{""אופן החזקת הנשק"": ""ברכב"", ""אופן קבלת הנשק"": ""מצא"", ""מספר עבירה"": ""144 א, 144 ב"", ""סוג הנשק [אקדח]"": 1.0, ""סוג עבירה"": ""ביצוע עבירות בנשק"", ""סטטוס הנשק"": ""תקול"", ""תכנון"": ""לא""}","{""אופן החזקת הנשק"": ""ברכב"", ""מטרה-סיבת העבירה"": ""סכסוך"", ""מספר עבירה"": ""144 ב"", ""סוג הנשק [תת מקלע]"": 1.0, ""סוג עבירה"": ""נשיאת נשק"", ""סטטוס הנשק"": ""נשק עם כדור בקנה"", ""עבירות נוספות"": ""איומים, עבירה לפי סעיף 192  לחוק העונשין, יריות באזור מגורים, עבירה לפי סעיף 340א לחוק העונשין, מעשה פזיזות ורשלנות, עבירה לפי סעיף 338(א)(5) לחוק העונשין, נהיגה בזמן פסילה, עבירה לפי סעיף 67 לפקודת התעבורה תשכ\""א – 1961 ונהיגה ללא רישיון נהיגה, עבירה לפי סעיף 10א וסעיף 62(1) לפקודת התעבורה [נוסח חדש],תשכ\""א-1961."", ""שימוש"": ""כן,ירי"", ""תכנון"": ""לא""}"
ME-20-01-17935-7,SH-23-03-19819-247,2,0,1,"{""אופן החזקת הנשק"": ""בבית"", ""מספר עבירה"": ""144 א, 144 ב"", ""סוג הנשק [תת מקלע מאולתר]"": 1.0, ""סוג עבירה"": ""החזקה נשק, נשיאת נשק"", ""סטטוס הנשק"": ""תקול"", ""עבירות נוספות"": ""הפרעה לשוטר"", ""תכנון"": ""לא""}","{""אופן החזקת הנשק"": ""בבית, מוסלק - מוסתר"", ""כמות תחמושת"": ""3 מחסניות"", ""מספר עבירה"": ""144 א"", ""סוג הנשק [רובה סער ]"": 1.0, ""סוג עבירה"": ""החזקה נשק"", ""סטטוס הנשק"": ""נשק מופרד מתחמושת"", ""תכנון"": ""כן""}"
SH-17-08-47445-166,SH-16-11-7544-55,3,1,1,"{""אופן החזקת הנשק"": ""בבית"", ""מספר עבירה"": ""144 א"", ""סוג הנשק [אקדח]"": 1.0, ""סוג הנשק [תת מקלע מאולתר]"": 1.0, ""סוג עבירה"": ""החזקה נשק"", ""סטטוס הנשק"": ""תקין"", ""תכנון"": ""לא""}","{""אופן החזקת הנשק"": ""על גופו"", ""כמות תחמושת"": ""מחסנית ובה 10 כדורים"", ""מספר עבירה"": ""144 א"", ""סוג הנשק [תת מקלע מאולתר]"": 1.0, ""סוג עבירה"": ""החזקה נשק"", ""סטטוס הנשק"": ""נשק מופרד מתחמושת"", ""תכנון"": ""לא""}"
ME-16-11-13999-863,m01008097-376,1,0,0,"{""אופן החזקת הנשק"": ""ברכב"", ""כמות תחמושת"": ""2 מחסניות"", ""מספר עבירה"": ""144 א, 144 ב"", ""סוג הנשק [אקדח]"": 1.0, ""סוג עבירה"": ""החזקה נשק, נשיאת נשק, הובלת נשק"", ""סטטוס הנשק"": ""נשק עם מחסנית בהכנס"", ""תכנון"": ""לא""}","{""אופן החזקת הנשק"": ""בבית, על גופו"", ""כמות תחמושת"": ""כדורים, 2 מחסניות"", ""מספר עבירה"": ""144 א, 144 ב"", ""סוג הנשק [רימון רסס]"": 1.0, ""סטטוס הנשק"": ""תקין"", ""עבירות נוספות"": ""עבירת מעשה פזיזות ורשלנות כהגדרתם בס\""ק 338 (5) לחוק העונשין"", ""שימוש"": ""זריקת רימון"", ""תכנון"": ""לא""}"
ME-16-06-50916-362,ME-15-03-29911-554,3,1,1,"{""אופן החזקת הנשק"": ""ברכב"", ""מטרה-סיבת העבירה"": ""סכסוך"", ""מספר עבירה"": ""144 ב"", ""סוג הנשק [תת מקלע]"": 1.0, ""סוג עבירה"": ""נשיאת נשק"", ""סטטוס הנשק"": ""נשק עם כדור בקנה"", ""עבירות נוספות"": ""איומים, עבירה לפי סעיף 192  לחוק העונשין, יריות באזור מגורים, עבירה לפי סעיף 340א לחוק העונשין, מעשה פזיזות ורשלנות, עבירה לפי סעיף 338(א)(5) לחוק העונשין, נהיגה בזמן פסילה, עבירה לפי סעיף 67 לפקודת התעבורה תשכ\""א – 1961 ונהיגה ללא רישיון נהיגה, עבירה לפי סעיף 10א וסעיף 62(1) לפקודת התעבורה [נוסח חדש],תשכ\""א-1961."", ""שימוש"": ""כן,ירי"", ""תכנון"": ""לא""}","{""אופן החזקת הנשק"": ""ברכב, על גופו"", ""כמות תחמושת"": ""מחסנית ובה 12 כדורים, מחסנית, 20 כדורים, 24 כדורים"", ""מספר עבירה"": ""144 א, 144 ב"", ""סוג הנשק [אקדח]"": 1.0, ""סוג עבירה"": ""ביצוע עבירות בנשק"", ""סטטוס הנשק"": ""נשק עם כדור בקנה"", ""שימוש"": ""כן,ירי"", ""תכנון"": ""לא""}"
SH-16-11-49772-358,ME-17-02-54432-484,1,0,0,"{""אופן החזקת הנשק"": ""מוסלק - מוסתר"", ""אופן קבלת הנשק"": ""גנב"", ""מטרה-סיבת העבירה"": ""בצע כסף"", ""מספר עבירה"": ""144 א"", ""סוג עבירה"": ""החזקה נשק"", ""סטטוס הנשק"": ""תקין"", ""עבירות נוספות"": ""גניבה"", ""תכנון"": ""לא""}","{""אופן החזקת הנשק"": ""ברכב, על גופו"", ""כמות תחמושת"": ""מחסנית ובה 7 כדורים"", ""מטרה-סיבת העבירה"": ""הגנה עצמית"", ""מספר עבירה"": ""144 א, 144 ב"", ""סוג הנשק [אקדח]"": 1.0, ""סוג עבירה"": ""החזקה נשק, נשיאת נשק"", ""סטטוס הנשק"": ""נשק עם מחסנית בהכנס"", ""תכנון"": ""כן""}"
ME-14-02-51828-88,ME-14-03-48488-922,1,0,0,"{""אופן החזקת הנשק"": ""ברכב"", ""מספר עבירה"": ""144 ב"", ""סוג הנשק - אם לא נמצא בטבלה"": ""2 רובי צייד מאולתרים"", ""סוג עבירה"": ""נשיאת נשק, הובלת נשק"", ""סטטוס הנשק"": ""תקין"", ""תכנון"": ""לא""}","{""אופן החזקת הנשק"": ""על גופו"", ""אופן קבלת הנשק"": ""ייצר"", ""מטרה-סיבת העבירה"": ""בצע כסף"", ""מספר עבירה"": ""144 א, 144 ב"", ""סוג הנשק [מטען חבלה]"": 1.0, ""סוג עבירה"": ""החזקה נשק, נשיאת נשק"", ""סטטוס הנשק"": ""תקין"", ""עבירות נוספות"": ""היזק בזדון בחומר נפיץ"", ""שימוש"": ""הפעלת מטען"", ""תכנון"": ""כן""}"
ME-14-12-6904-57,ME-18-04-19642-504,1,0,0,"{""אופן החזקת הנשק"": ""בבית, על גופו, מוסלק - מוסתר"", ""אופן קבלת הנשק"": ""רכש"", ""כמות תחמושת"": ""מחסנית"", ""מטרה-סיבת העבירה"": ""הגנה עצמית"", ""מספר עבירה"": ""144 ב"", ""סוג הנשק [תת מקלע מאולתר]"": 1.0, ""סוג עבירה"": ""נשיאת נשק, הובלת נשק"", ""סטטוס הנשק"": ""נשק מופרד מתחמושת"", ""עבירות נוספות"": ""החזקת סם לצריכה עצמית"", ""תכנון"": ""כן""}","{""אופן החזקת הנשק"": ""ברכב, על גופו"", ""כמות תחמושת"": ""2 מחסניות, 40 כדורים"", ""מטרה-סיבת העבירה"": ""אלימות כלפי נשים"", ""מספר עבירה"": ""144 א, 144 ב"", ""סוג הנשק [אקדח]"": 1.0, ""סוג עבירה"": ""נשיאת נשק, הובלת נשק"", ""סטטוס הנשק"": ""נשק עם כדור בקנה"", ""עבירות נוספות"": ""במעשי פזיזות ורשלנות, לפי ס' 338(א)(5) לחוק."", ""שימוש"": ""כן,ירי"", ""תכנון"": ""לא""}"
ME-18-10-30972-637,ME-14-11-7498-539,3,1,1,"{""אופן החזקת הנשק"": ""ברכב"", ""אופן קבלת הנשק"": ""רכש"", ""מספר עבירה"": ""144 ב"", ""סוג הנשק [רובה סער ]"": 1.0, ""סוג עבירה"": ""ניסיון לסחר"", ""סטטוס הנשק"": ""תקין"", ""תכנון"": ""כן""}","{""אופן החזקת הנשק"": ""ברכב, מוסלק - מוסתר"", ""אופן קבלת הנשק"": ""מאחר"", ""כמות תחמושת"": ""מחסנית ובה 29 כדורים"", ""מטרה-סיבת העבירה"": ""בצע כסף"", ""מספר עבירה"": ""144 א, 144 ב"", ""סוג הנשק [רובה סער ]"": 2.0, ""סוג עבירה"": ""החזקה נשק, נשיאת נשק, הובלת נשק, ניסיון לסחר"", ""סטטוס הנשק"": ""נשק עם מחסנית בהכנס"", ""עבירות נוספות"": ""עבירות של קשירת קשר לביצוע פשע, גניבה,"", ""תכנון"": ""כן""}"
ME-17-02-54432-484,ME-16-07-45228-25,3,1,1,"{""אופן החזקת הנשק"": ""ברכב, על גופו"", ""כמות תחמושת"": ""מחסנית ובה 7 כדורים"", ""מטרה-סיבת העבירה"": ""הגנה עצמית"", ""מספר עבירה"": ""144 א, 144 ב"", ""סוג הנשק [אקדח]"": 1.0, ""סוג עבירה"": ""החזקה נשק, נשיאת נשק"", ""סטטוס הנשק"": ""נשק עם מחסנית בהכנס"", ""תכנון"": ""כן""}","{""אופן החזקת הנשק"": ""בבית, על גופו, מוסלק - מוסתר"", ""כמות תחמושת"": ""מחסנית ובה 10 כדורים"", ""מספר עבירה"": ""144 ב"", ""סוג הנשק [אקדח]"": 1.0, ""סוג עבירה"": ""נשיאת נשק"", ""סטטוס הנשק"": ""נשק עם מחסנית בהכנס"", ""תכנון"": ""כן""}"
ME-09-06-10774-130,SH-20-02-52091-995,1,0,0,"{""אופן החזקת הנשק"": ""ברכב"", ""מספר עבירה"": ""144 א, 144 ב"", ""סוג הנשק [אקדח]"": 1.0, ""סוג עבירה"": ""החזקה נשק, נשיאת נשק"", ""סטטוס הנשק"": ""תקין"", ""תכנון"": ""לא""}","{""אופן החזקת הנשק"": ""בבית"", ""כמות תחמושת"": ""20 כדורים"", ""מספר עבירה"": ""144 א"", ""סוג הנשק [תת מקלע מאולתר]"": 1.0, ""סוג עבירה"": ""החזקה נשק"", ""סטטוס הנשק"": ""נשק מופרד מתחמושת"", ""תכנון"": ""לא""}"
SH-15-03-49530-992,ME-16-05-9983-155,2,0,1,"{""אופן החזקת הנשק"": ""מוסלק - מוסתר, סמוך לבית"", ""כמות תחמושת"": ""2 מחסניות"", ""מספר עבירה"": ""144 א"", ""סוג הנשק [תת מקלע מאולתר]"": 1.0, ""סוג עבירה"": ""החזקה נשק"", ""סטטוס הנשק"": ""נשק עם מחסנית בהכנס"", ""תכנון"": ""לא""}","{""אופן החזקת הנשק"": ""מוסלק - מוסתר"", ""אופן קבלת הנשק"": ""מאחר"", ""כמות תחמושת"": ""מחסנית"", ""מספר עבירה"": ""144 א, 144 ב"", ""סוג הנשק [תת מקלע מאולתר]"": 1.0, ""סוג עבירה"": ""החזקה נשק, נשיאת נשק"", ""סטטוס הנשק"": ""נשק מופרד מתחמושת"", ""תכנון"": ""לא""}"
