metric,domain,task,a,b,n,mean_a,mean_b,delta_mean,dz,p_raw,p_fdr,p_bonf,sig_fdr_5pct,sig_bonf_5pct,winner
F1,drugs,0,Manual,Hybrid-Manual,11,0.9117,0.8798,0.0319,1.646,0.001953,0.010254,0.041016,True,True,Manual
F1,drugs,0,Manual,Hybrid-Full,11,0.9117,0.8917,0.02,1.047,0.012695,0.044434,0.266602,True,False,Manual
F1,drugs,0,Manual,GPT-Schema,11,0.9117,0.8681,0.0437,1.262,0.003906,0.016406,0.082031,True,False,Manual
F1,drugs,0,Manual,GPT-Free,11,0.9117,0.8785,0.0333,1.482,0.000977,0.006836,0.020508,True,True,Manual
F1,drugs,0,Manual,GPT-Law,11,0.9117,0.8666,0.0452,2.178,0.000977,0.006836,0.020508,True,True,Manual
F1,drugs,0,Manual,Raw-Facts,11,0.9117,0.8737,0.0381,1.3,0.000977,0.006836,0.020508,True,True,Manual
F1,drugs,0,Hybrid-Manual,Hybrid-Full,11,0.8798,0.8917,-0.0119,-0.496,0.174805,0.346768,1.0,False,False,Hybrid-Full
F1,drugs,0,Hybrid-Manual,GPT-Schema,11,0.8798,0.8681,0.0117,0.33,0.375,0.492188,1.0,False,False,Hybrid-Manual
F1,drugs,0,Hybrid-Manual,GPT-Free,11,0.8798,0.8785,0.0013,0.076,0.820312,0.861328,1.0,False,False,Hybrid-Manual
F1,drugs,0,Hybrid-Manual,GPT-Law,11,0.8798,0.8666,0.0132,0.47,0.174805,0.346768,1.0,False,False,Hybrid-Manual
F1,drugs,0,Hybrid-Manual,Raw-Facts,11,0.8798,0.8737,0.0061,0.218,0.570312,0.704504,1.0,False,False,Hybrid-Manual
F1,drugs,0,Hybrid-Full,GPT-Schema,11,0.8917,0.8681,0.0237,0.511,0.240234,0.42041,1.0,False,False,Hybrid-Full
F1,drugs,0,Hybrid-Full,GPT-Free,11,0.8917,0.8785,0.0133,0.45,0.320312,0.480469,1.0,False,False,Hybrid-Full
F1,drugs,0,Hybrid-Full,GPT-Law,11,0.8917,0.8666,0.0252,0.728,0.037109,0.111328,0.779297,False,False,Hybrid-Full
F1,drugs,0,Hybrid-Full,Raw-Facts,11,0.8917,0.8737,0.0181,0.502,0.181641,0.346768,1.0,False,False,Hybrid-Full
F1,drugs,0,GPT-Schema,GPT-Free,11,0.8681,0.8785,-0.0104,-0.328,0.275391,0.444862,1.0,False,False,GPT-Free
F1,drugs,0,GPT-Schema,GPT-Law,11,0.8681,0.8666,0.0015,0.046,0.700195,0.816895,1.0,False,False,GPT-Schema
F1,drugs,0,GPT-Schema,Raw-Facts,11,0.8681,0.8737,-0.0056,-0.167,0.96582,0.96582,1.0,False,False,Raw-Facts
F1,drugs,0,GPT-Free,GPT-Law,11,0.8785,0.8666,0.0119,0.518,0.160156,0.346768,1.0,False,False,GPT-Free
F1,drugs,0,GPT-Free,Raw-Facts,11,0.8785,0.8737,0.0048,0.24,0.820312,0.861328,1.0,False,False,GPT-Free
F1,drugs,0,GPT-Law,Raw-Facts,11,0.8666,0.8737,-0.0071,-0.319,0.375,0.492188,1.0,False,False,Raw-Facts
F1,drugs,1,Manual,Hybrid-Manual,11,0.8493,0.8216,0.0277,1.455,0.001953,0.005859,0.041016,True,True,Manual
F1,drugs,1,Manual,Hybrid-Full,11,0.8493,0.8212,0.0281,1.209,0.006836,0.015951,0.143555,True,False,Manual
F1,drugs,1,Manual,GPT-Schema,11,0.8493,0.8355,0.0138,0.537,0.101562,0.133301,1.0,False,False,Manual
F1,drugs,1,Manual,GPT-Free,11,0.8493,0.8096,0.0396,1.706,0.000977,0.005127,0.020508,True,True,Manual
F1,drugs,1,Manual,GPT-Law,11,0.8493,0.7984,0.0509,2.6,0.000977,0.005127,0.020508,True,True,Manual
F1,drugs,1,Manual,Raw-Facts,11,0.8493,0.8145,0.0348,1.583,0.001953,0.005859,0.041016,True,True,Manual
F1,drugs,1,Hybrid-Manual,Hybrid-Full,11,0.8216,0.8212,0.0004,0.026,1.0,1.0,1.0,False,False,Hybrid-Manual
F1,drugs,1,Hybrid-Manual,GPT-Schema,11,0.8216,0.8355,-0.0139,-0.588,0.147461,0.182158,1.0,False,False,GPT-Schema
F1,drugs,1,Hybrid-Manual,GPT-Free,11,0.8216,0.8096,0.0119,0.783,0.037109,0.059946,0.779297,False,False,Hybrid-Manual
F1,drugs,1,Hybrid-Manual,GPT-Law,11,0.8216,0.7984,0.0232,1.342,0.001953,0.005859,0.041016,True,True,Hybrid-Manual
F1,drugs,1,Hybrid-Manual,Raw-Facts,11,0.8216,0.8145,0.0071,0.341,0.375,0.414474,1.0,False,False,Hybrid-Manual
F1,drugs,1,Hybrid-Full,GPT-Schema,11,0.8212,0.8355,-0.0143,-0.753,0.053711,0.080566,1.0,False,False,GPT-Schema
F1,drugs,1,Hybrid-Full,GPT-Free,11,0.8212,0.8096,0.0115,0.573,0.101562,0.133301,1.0,False,False,Hybrid-Full
F1,drugs,1,Hybrid-Full,GPT-Law,11,0.8212,0.7984,0.0227,1.56,0.000977,0.005127,0.020508,True,True,Hybrid-Full
F1,drugs,1,Hybrid-Full,Raw-Facts,11,0.8212,0.8145,0.0067,0.3,0.519531,0.545508,1.0,False,False,Hybrid-Full
F1,drugs,1,GPT-Schema,GPT-Free,11,0.8355,0.8096,0.0258,1.13,0.009766,0.01709,0.205078,True,False,GPT-Schema
F1,drugs,1,GPT-Schema,GPT-Law,11,0.8355,0.7984,0.0371,2.325,0.000977,0.005127,0.020508,True,True,GPT-Schema
F1,drugs,1,GPT-Schema,Raw-Facts,11,0.8355,0.8145,0.021,1.109,0.006836,0.015951,0.143555,True,False,GPT-Schema
F1,drugs,1,GPT-Free,GPT-Law,11,0.8096,0.7984,0.0112,0.652,0.007812,0.016406,0.164062,True,False,GPT-Free
F1,drugs,1,GPT-Free,Raw-Facts,11,0.8096,0.8145,-0.0049,-0.199,0.206055,0.240397,1.0,False,False,Raw-Facts
F1,drugs,1,GPT-Law,Raw-Facts,11,0.7984,0.8145,-0.0161,-1.136,0.009766,0.01709,0.205078,True,False,Raw-Facts
F1,weapon,0,Manual,Hybrid-Manual,11,0.7866,0.7633,0.0234,0.873,0.027344,0.082031,0.574219,False,False,Manual
F1,weapon,0,Manual,Hybrid-Full,11,0.7866,0.7631,0.0235,0.605,0.067383,0.11792,1.0,False,False,Manual
F1,weapon,0,Manual,GPT-Schema,11,0.7866,0.7595,0.0272,0.86,0.018555,0.064941,0.389648,False,False,Manual
F1,weapon,0,Manual,GPT-Free,11,0.7866,0.736,0.0507,1.434,0.00293,0.020508,0.061523,True,False,Manual
F1,weapon,0,Manual,GPT-Law,11,0.7866,0.7356,0.051,1.307,0.00293,0.020508,0.061523,True,False,Manual
F1,weapon,0,Manual,Raw-Facts,11,0.7866,0.7444,0.0422,0.734,0.032227,0.084595,0.676758,False,False,Manual
F1,weapon,0,Hybrid-Manual,Hybrid-Full,11,0.7633,0.7631,0.0002,0.005,1.0,1.0,1.0,False,False,Hybrid-Manual
F1,weapon,0,Hybrid-Manual,GPT-Schema,11,0.7633,0.7595,0.0038,0.101,0.764648,0.845138,1.0,False,False,Hybrid-Manual
F1,weapon,0,Hybrid-Manual,GPT-Free,11,0.7633,0.736,0.0273,0.683,0.067383,0.11792,1.0,False,False,Hybrid-Manual
F1,weapon,0,Hybrid-Manual,GPT-Law,11,0.7633,0.7356,0.0277,0.715,0.053711,0.112793,1.0,False,False,Hybrid-Manual
F1,weapon,0,Hybrid-Manual,Raw-Facts,11,0.7633,0.7444,0.0189,0.344,0.174805,0.262207,1.0,False,False,Hybrid-Manual
F1,weapon,0,Hybrid-Full,GPT-Schema,11,0.7631,0.7595,0.0036,0.133,0.700195,0.816895,1.0,False,False,Hybrid-Full
F1,weapon,0,Hybrid-Full,GPT-Free,11,0.7631,0.736,0.0271,0.905,0.018555,0.064941,0.389648,False,False,Hybrid-Full
F1,weapon,0,Hybrid-Full,GPT-Law,11,0.7631,0.7356,0.0275,0.688,0.053711,0.112793,1.0,False,False,Hybrid-Full
F1,weapon,0,Hybrid-Full,Raw-Facts,11,0.7631,0.7444,0.0187,0.381,0.174805,0.262207,1.0,False,False,Hybrid-Full
F1,weapon,0,GPT-Schema,GPT-Free,11,0.7595,0.736,0.0235,1.604,0.001953,0.020508,0.041016,True,True,GPT-Schema
F1,weapon,0,GPT-Schema,GPT-Law,11,0.7595,0.7356,0.0239,1.036,0.013672,0.064941,0.287109,False,False,GPT-Schema
F1,weapon,0,GPT-Schema,Raw-Facts,11,0.7595,0.7444,0.015,0.346,0.240234,0.336328,1.0,False,False,GPT-Schema
F1,weapon,0,GPT-Free,GPT-Law,11,0.736,0.7356,0.0004,0.017,1.0,1.0,1.0,False,False,GPT-Free
F1,weapon,0,GPT-Free,Raw-Facts,11,0.736,0.7444,-0.0085,-0.236,0.464844,0.610107,1.0,False,False,Raw-Facts
F1,weapon,0,GPT-Law,Raw-Facts,11,0.7356,0.7444,-0.0088,-0.219,0.519531,0.641774,1.0,False,False,Raw-Facts
F1,weapon,1,Manual,Hybrid-Manual,11,0.8457,0.8281,0.0176,0.876,0.018555,0.043294,0.389648,True,False,Manual
F1,weapon,1,Manual,Hybrid-Full,11,0.8457,0.8347,0.011,0.541,0.101562,0.177734,1.0,False,False,Manual
F1,weapon,1,Manual,GPT-Schema,11,0.8457,0.8196,0.0261,1.15,0.009766,0.029297,0.205078,True,False,Manual
F1,weapon,1,Manual,GPT-Free,11,0.8457,0.8064,0.0393,2.586,0.000977,0.010254,0.020508,True,True,Manual
F1,weapon,1,Manual,GPT-Law,11,0.8457,0.8134,0.0323,1.829,0.001953,0.013672,0.041016,True,True,Manual
F1,weapon,1,Manual,Raw-Facts,11,0.8457,0.8047,0.041,1.338,0.004883,0.020508,0.102539,True,False,Manual
F1,weapon,1,Hybrid-Manual,Hybrid-Full,11,0.8281,0.8347,-0.0066,-0.261,0.637695,0.66958,1.0,False,False,Hybrid-Full
F1,weapon,1,Hybrid-Manual,GPT-Schema,11,0.8281,0.8196,0.0085,0.299,0.431641,0.533203,1.0,False,False,Hybrid-Manual
F1,weapon,1,Hybrid-Manual,GPT-Free,11,0.8281,0.8064,0.0217,1.276,0.004883,0.020508,0.102539,True,False,Hybrid-Manual
F1,weapon,1,Hybrid-Manual,GPT-Law,11,0.8281,0.8134,0.0147,0.553,0.123047,0.18457,1.0,False,False,Hybrid-Manual
F1,weapon,1,Hybrid-Manual,Raw-Facts,11,0.8281,0.8047,0.0234,0.68,0.041992,0.088184,0.881836,False,False,Hybrid-Manual
F1,weapon,1,Hybrid-Full,GPT-Schema,11,0.8347,0.8196,0.0151,0.49,0.123047,0.18457,1.0,False,False,Hybrid-Full
F1,weapon,1,Hybrid-Full,GPT-Free,11,0.8347,0.8064,0.0283,1.127,0.006836,0.023926,0.143555,True,False,Hybrid-Full
F1,weapon,1,Hybrid-Full,GPT-Law,11,0.8347,0.8134,0.0214,0.954,0.013672,0.035889,0.287109,True,False,Hybrid-Full
F1,weapon,1,Hybrid-Full,Raw-Facts,11,0.8347,0.8047,0.0301,1.673,0.000977,0.010254,0.020508,True,True,Hybrid-Full
F1,weapon,1,GPT-Schema,GPT-Free,11,0.8196,0.8064,0.0132,0.569,0.083008,0.158469,1.0,False,False,GPT-Schema
F1,weapon,1,GPT-Schema,GPT-Law,11,0.8196,0.8134,0.0062,0.216,1.0,1.0,1.0,False,False,GPT-Schema
F1,weapon,1,GPT-Schema,Raw-Facts,11,0.8196,0.8047,0.0149,0.366,0.206055,0.288477,1.0,False,False,GPT-Schema
F1,weapon,1,GPT-Free,GPT-Law,11,0.8064,0.8134,-0.0069,-0.295,0.577148,0.637901,1.0,False,False,GPT-Law
F1,weapon,1,GPT-Free,Raw-Facts,11,0.8064,0.8047,0.0018,0.053,0.577148,0.637901,1.0,False,False,GPT-Free
F1,weapon,1,GPT-Law,Raw-Facts,11,0.8134,0.8047,0.0087,0.285,0.431641,0.533203,1.0,False,False,GPT-Law
F1_CV,drugs,0,Manual,Hybrid-Manual,11,0.8939,0.8566,0.0372,1.096,0.013672,0.095703,0.287109,False,False,Manual
F1_CV,drugs,0,Manual,Hybrid-Full,11,0.8939,0.8736,0.0203,0.687,0.041992,0.146973,0.881836,False,False,Manual
F1_CV,drugs,0,Manual,GPT-Schema,11,0.8939,0.8423,0.0515,0.824,0.024414,0.102539,0.512695,False,False,Manual
F1_CV,drugs,0,Manual,GPT-Free,11,0.8939,0.8551,0.0388,0.847,0.019531,0.102539,0.410156,False,False,Manual
F1_CV,drugs,0,Manual,GPT-Law,11,0.8939,0.8527,0.0411,1.091,0.009766,0.095703,0.205078,False,False,Manual
F1_CV,drugs,0,Manual,Raw-Facts,11,0.8939,0.8405,0.0534,1.013,0.009766,0.095703,0.205078,False,False,Manual
F1_CV,drugs,0,Hybrid-Manual,Hybrid-Full,11,0.8566,0.8736,-0.017,-0.399,0.240234,0.477273,1.0,False,False,Hybrid-Full
F1_CV,drugs,0,Hybrid-Manual,GPT-Schema,11,0.8566,0.8423,0.0143,0.215,0.492188,0.681885,1.0,False,False,Hybrid-Manual
F1_CV,drugs,0,Hybrid-Manual,GPT-Free,11,0.8566,0.8551,0.0016,0.036,0.921875,0.967969,1.0,False,False,Hybrid-Manual
F1_CV,drugs,0,Hybrid-Manual,GPT-Law,11,0.8566,0.8527,0.0039,0.084,1.0,1.0,1.0,False,False,Hybrid-Manual
F1_CV,drugs,0,Hybrid-Manual,Raw-Facts,11,0.8566,0.8405,0.0161,0.318,0.322266,0.483398,1.0,False,False,Hybrid-Manual
F1_CV,drugs,0,Hybrid-Full,GPT-Schema,11,0.8736,0.8423,0.0313,0.44,0.27832,0.483398,1.0,False,False,Hybrid-Full
F1_CV,drugs,0,Hybrid-Full,GPT-Free,11,0.8736,0.8551,0.0185,0.42,0.240234,0.477273,1.0,False,False,Hybrid-Full
F1_CV,drugs,0,Hybrid-Full,GPT-Law,11,0.8736,0.8527,0.0208,0.503,0.123047,0.322998,1.0,False,False,Hybrid-Full
F1_CV,drugs,0,Hybrid-Full,Raw-Facts,11,0.8736,0.8405,0.0331,0.615,0.083008,0.249023,1.0,False,False,Hybrid-Full
F1_CV,drugs,0,GPT-Schema,GPT-Free,11,0.8423,0.8551,-0.0127,-0.207,0.519531,0.681885,1.0,False,False,GPT-Free
F1_CV,drugs,0,GPT-Schema,GPT-Law,11,0.8423,0.8527,-0.0104,-0.21,0.831055,0.934725,1.0,False,False,GPT-Law
F1_CV,drugs,0,GPT-Schema,Raw-Facts,11,0.8423,0.8405,0.0018,0.033,0.845703,0.934725,1.0,False,False,GPT-Schema
F1_CV,drugs,0,GPT-Free,GPT-Law,11,0.8551,0.8527,0.0023,0.064,0.695312,0.858915,1.0,False,False,GPT-Free
F1_CV,drugs,0,GPT-Free,Raw-Facts,11,0.8551,0.8405,0.0146,0.448,0.25,0.477273,1.0,False,False,GPT-Free
F1_CV,drugs,0,GPT-Law,Raw-Facts,11,0.8527,0.8405,0.0122,0.361,0.322266,0.483398,1.0,False,False,GPT-Law
F1_CV,drugs,1,Manual,Hybrid-Manual,11,0.8353,0.7876,0.0477,1.623,0.000977,0.005127,0.020508,True,True,Manual
F1_CV,drugs,1,Manual,Hybrid-Full,11,0.8353,0.7897,0.0455,0.987,0.019531,0.037287,0.410156,True,False,Manual
F1_CV,drugs,1,Manual,GPT-Schema,11,0.8353,0.8176,0.0177,0.457,0.174805,0.229431,1.0,False,False,Manual
F1_CV,drugs,1,Manual,GPT-Free,11,0.8353,0.7736,0.0616,1.477,0.001953,0.006836,0.041016,True,True,Manual
F1_CV,drugs,1,Manual,GPT-Law,11,0.8353,0.7636,0.0716,2.333,0.000977,0.005127,0.020508,True,True,Manual
F1_CV,drugs,1,Manual,Raw-Facts,11,0.8353,0.7905,0.0448,1.147,0.009766,0.022786,0.205078,True,False,Manual
F1_CV,drugs,1,Hybrid-Manual,Hybrid-Full,11,0.7876,0.7897,-0.0021,-0.061,0.898438,0.898438,1.0,False,False,Hybrid-Full
F1_CV,drugs,1,Hybrid-Manual,GPT-Schema,11,0.7876,0.8176,-0.03,-0.802,0.032227,0.056396,0.676758,False,False,GPT-Schema
F1_CV,drugs,1,Hybrid-Manual,GPT-Free,11,0.7876,0.7736,0.014,0.399,0.320312,0.39568,1.0,False,False,Hybrid-Manual
F1_CV,drugs,1,Hybrid-Manual,GPT-Law,11,0.7876,0.7636,0.024,0.82,0.041992,0.067834,0.881836,False,False,Hybrid-Manual
F1_CV,drugs,1,Hybrid-Manual,Raw-Facts,11,0.7876,0.7905,-0.0029,-0.07,0.898438,0.898438,1.0,False,False,Raw-Facts
F1_CV,drugs,1,Hybrid-Full,GPT-Schema,11,0.7897,0.8176,-0.0278,-0.916,0.019531,0.037287,0.410156,True,False,GPT-Schema
F1_CV,drugs,1,Hybrid-Full,GPT-Free,11,0.7897,0.7736,0.0161,0.445,0.123047,0.18457,1.0,False,False,Hybrid-Full
F1_CV,drugs,1,Hybrid-Full,GPT-Law,11,0.7897,0.7636,0.0261,1.0,0.009766,0.022786,0.205078,True,False,Hybrid-Full
F1_CV,drugs,1,Hybrid-Full,Raw-Facts,11,0.7897,0.7905,-0.0007,-0.021,0.769531,0.850535,1.0,False,False,Raw-Facts
F1_CV,drugs,1,GPT-Schema,GPT-Free,11,0.8176,0.7736,0.0439,1.427,0.001953,0.006836,0.041016,True,True,GPT-Schema
F1_CV,drugs,1,GPT-Schema,GPT-Law,11,0.8176,0.7636,0.0539,3.226,0.000977,0.005127,0.020508,True,True,GPT-Schema
F1_CV,drugs,1,GPT-Schema,Raw-Facts,11,0.8176,0.7905,0.0271,1.375,0.000977,0.005127,0.020508,True,True,GPT-Schema
F1_CV,drugs,1,GPT-Free,GPT-Law,11,0.7736,0.7636,0.01,0.325,0.464844,0.542318,1.0,False,False,GPT-Free
F1_CV,drugs,1,GPT-Free,Raw-Facts,11,0.7736,0.7905,-0.0168,-0.44,0.147461,0.206445,1.0,False,False,Raw-Facts
F1_CV,drugs,1,GPT-Law,Raw-Facts,11,0.7636,0.7905,-0.0268,-1.32,0.00293,0.008789,0.061523,True,False,Raw-Facts
F1_CV,weapon,0,Manual,Hybrid-Manual,11,0.7656,0.7289,0.0367,0.637,0.041992,0.176367,0.881836,False,False,Manual
F1_CV,weapon,0,Manual,Hybrid-Full,11,0.7656,0.7422,0.0234,0.552,0.174805,0.333718,1.0,False,False,Manual
F1_CV,weapon,0,Manual,GPT-Schema,11,0.7656,0.737,0.0286,0.655,0.067383,0.193685,1.0,False,False,Manual
F1_CV,weapon,0,Manual,GPT-Free,11,0.7656,0.7023,0.0633,1.251,0.004883,0.068359,0.102539,False,False,Manual
F1_CV,weapon,0,Manual,GPT-Law,11,0.7656,0.7125,0.0531,0.959,0.013672,0.071777,0.287109,False,False,Manual
F1_CV,weapon,0,Manual,Raw-Facts,11,0.7656,0.7212,0.0444,0.578,0.053711,0.187988,1.0,False,False,Manual
F1_CV,weapon,0,Hybrid-Manual,Hybrid-Full,11,0.7289,0.7422,-0.0133,-0.245,0.413086,0.542175,1.0,False,False,Hybrid-Full
F1_CV,weapon,0,Hybrid-Manual,GPT-Schema,11,0.7289,0.737,-0.0081,-0.126,1.0,1.0,1.0,False,False,GPT-Schema
F1_CV,weapon,0,Hybrid-Manual,GPT-Free,11,0.7289,0.7023,0.0267,0.432,0.174805,0.333718,1.0,False,False,Hybrid-Manual
F1_CV,weapon,0,Hybrid-Manual,GPT-Law,11,0.7289,0.7125,0.0165,0.309,0.365234,0.511328,1.0,False,False,Hybrid-Manual
F1_CV,weapon,0,Hybrid-Manual,Raw-Facts,11,0.7289,0.7212,0.0077,0.115,0.831055,0.918534,1.0,False,False,Hybrid-Manual
F1_CV,weapon,0,Hybrid-Full,GPT-Schema,11,0.7422,0.737,0.0052,0.131,0.898438,0.943359,1.0,False,False,Hybrid-Full
F1_CV,weapon,0,Hybrid-Full,GPT-Free,11,0.7422,0.7023,0.04,1.145,0.009766,0.068359,0.205078,False,False,Hybrid-Full
F1_CV,weapon,0,Hybrid-Full,GPT-Law,11,0.7422,0.7125,0.0298,0.583,0.083008,0.193685,1.0,False,False,Hybrid-Full
F1_CV,weapon,0,Hybrid-Full,Raw-Facts,11,0.7422,0.7212,0.021,0.314,0.240234,0.360352,1.0,False,False,Hybrid-Full
F1_CV,weapon,0,GPT-Schema,GPT-Free,11,0.737,0.7023,0.0347,1.068,0.006836,0.068359,0.143555,False,False,GPT-Schema
F1_CV,weapon,0,GPT-Schema,GPT-Law,11,0.737,0.7125,0.0245,0.652,0.083008,0.193685,1.0,False,False,GPT-Schema
F1_CV,weapon,0,GPT-Schema,Raw-Facts,11,0.737,0.7212,0.0158,0.289,0.240234,0.360352,1.0,False,False,GPT-Schema
F1_CV,weapon,0,GPT-Free,GPT-Law,11,0.7023,0.7125,-0.0102,-0.229,0.577148,0.712948,1.0,False,False,GPT-Law
F1_CV,weapon,0,GPT-Free,Raw-Facts,11,0.7023,0.7212,-0.0189,-0.338,0.206055,0.360352,1.0,False,False,Raw-Facts
F1_CV,weapon,0,GPT-Law,Raw-Facts,11,0.7125,0.7212,-0.0087,-0.149,0.637695,0.743978,1.0,False,False,Raw-Facts
F1_CV,weapon,1,Manual,Hybrid-Manual,11,0.828,0.8052,0.0228,0.572,0.067383,0.17688,1.0,False,False,Manual
F1_CV,weapon,1,Manual,Hybrid-Full,11,0.828,0.8205,0.0075,0.247,0.519531,0.681885,1.0,False,False,Manual
F1_CV,weapon,1,Manual,GPT-Schema,11,0.828,0.8006,0.0274,0.785,0.024414,0.073242,0.512695,False,False,Manual
F1_CV,weapon,1,Manual,GPT-Free,11,0.828,0.7848,0.0432,1.745,0.000977,0.013672,0.020508,True,True,Manual
F1_CV,weapon,1,Manual,GPT-Law,11,0.828,0.7928,0.0352,1.21,0.001953,0.013672,0.041016,True,True,Manual
F1_CV,weapon,1,Manual,Raw-Facts,11,0.828,0.7854,0.0426,0.912,0.018555,0.073242,0.389648,False,False,Manual
F1_CV,weapon,1,Hybrid-Manual,Hybrid-Full,11,0.8052,0.8205,-0.0153,-0.346,0.27832,0.480469,1.0,False,False,Hybrid-Full
F1_CV,weapon,1,Hybrid-Manual,GPT-Schema,11,0.8052,0.8006,0.0046,0.123,0.637695,0.743978,1.0,False,False,Hybrid-Manual
F1_CV,weapon,1,Hybrid-Manual,GPT-Free,11,0.8052,0.7848,0.0204,0.576,0.174805,0.333718,1.0,False,False,Hybrid-Manual
F1_CV,weapon,1,Hybrid-Manual,GPT-Law,11,0.8052,0.7928,0.0124,0.319,0.413086,0.57832,1.0,False,False,Hybrid-Manual
F1_CV,weapon,1,Hybrid-Manual,Raw-Facts,11,0.8052,0.7854,0.0198,0.328,0.320312,0.480469,1.0,False,False,Hybrid-Manual
F1_CV,weapon,1,Hybrid-Full,GPT-Schema,11,0.8205,0.8006,0.0199,0.372,0.123047,0.287109,1.0,False,False,Hybrid-Full
F1_CV,weapon,1,Hybrid-Full,GPT-Free,11,0.8205,0.7848,0.0357,0.96,0.013672,0.071777,0.287109,False,False,Hybrid-Full
F1_CV,weapon,1,Hybrid-Full,GPT-Law,11,0.8205,0.7928,0.0277,0.856,0.024414,0.073242,0.512695,False,False,Hybrid-Full
F1_CV,weapon,1,Hybrid-Full,Raw-Facts,11,0.8205,0.7854,0.0351,1.138,0.001953,0.013672,0.041016,True,True,Hybrid-Full
F1_CV,weapon,1,GPT-Schema,GPT-Free,11,0.8006,0.7848,0.0158,0.386,0.147461,0.309668,1.0,False,False,GPT-Schema
F1_CV,weapon,1,GPT-Schema,GPT-Law,11,0.8006,0.7928,0.0078,0.208,0.764648,0.831055,1.0,False,False,GPT-Schema
F1_CV,weapon,1,GPT-Schema,Raw-Facts,11,0.8006,0.7854,0.0152,0.245,0.637695,0.743978,1.0,False,False,GPT-Schema
F1_CV,weapon,1,GPT-Free,GPT-Law,11,0.7848,0.7928,-0.008,-0.217,0.320312,0.480469,1.0,False,False,GPT-Law
F1_CV,weapon,1,GPT-Free,Raw-Facts,11,0.7848,0.7854,-0.0006,-0.01,0.831055,0.831055,1.0,False,False,Raw-Facts
F1_CV,weapon,1,GPT-Law,Raw-Facts,11,0.7928,0.7854,0.0074,0.167,0.831055,0.831055,1.0,False,False,GPT-Law
AP_PR,drugs,0,Manual,Hybrid-Manual,11,0.9565,0.9297,0.0268,1.105,0.000977,0.005127,0.020508,True,True,Manual
AP_PR,drugs,0,Manual,Hybrid-Full,11,0.9565,0.9205,0.036,1.569,0.001953,0.005127,0.041016,True,True,Manual
AP_PR,drugs,0,Manual,GPT-Schema,11,0.9565,0.9358,0.0206,0.892,0.018555,0.038965,0.389648,True,False,Manual
AP_PR,drugs,0,Manual,GPT-Free,11,0.9565,0.9042,0.0523,1.909,0.000977,0.005127,0.020508,True,True,Manual
AP_PR,drugs,0,Manual,GPT-Law,11,0.9565,0.8898,0.0667,3.047,0.000977,0.005127,0.020508,True,True,Manual
AP_PR,drugs,0,Manual,Raw-Facts,11,0.9565,0.903,0.0535,2.361,0.001953,0.005127,0.041016,True,True,Manual
AP_PR,drugs,0,Hybrid-Manual,Hybrid-Full,11,0.9297,0.9205,0.0092,0.357,0.101562,0.11849,1.0,False,False,Hybrid-Manual
AP_PR,drugs,0,Hybrid-Manual,GPT-Schema,11,0.9297,0.9358,-0.0062,-0.233,0.519531,0.545508,1.0,False,False,GPT-Schema
AP_PR,drugs,0,Hybrid-Manual,GPT-Free,11,0.9297,0.9042,0.0255,0.87,0.032227,0.052058,0.676758,False,False,Hybrid-Manual
AP_PR,drugs,0,Hybrid-Manual,GPT-Law,11,0.9297,0.8898,0.0399,1.819,0.001953,0.005127,0.041016,True,True,Hybrid-Manual
AP_PR,drugs,0,Hybrid-Manual,Raw-Facts,11,0.9297,0.903,0.0267,0.885,0.024414,0.042725,0.512695,True,False,Hybrid-Manual
AP_PR,drugs,0,Hybrid-Full,GPT-Schema,11,0.9205,0.9358,-0.0153,-0.414,0.206055,0.227745,1.0,False,False,GPT-Schema
AP_PR,drugs,0,Hybrid-Full,GPT-Free,11,0.9205,0.9042,0.0163,0.645,0.083008,0.102539,1.0,False,False,Hybrid-Full
AP_PR,drugs,0,Hybrid-Full,GPT-Law,11,0.9205,0.8898,0.0307,1.436,0.001953,0.005127,0.041016,True,True,Hybrid-Full
AP_PR,drugs,0,Hybrid-Full,Raw-Facts,11,0.9205,0.903,0.0175,0.558,0.083008,0.102539,1.0,False,False,Hybrid-Full
AP_PR,drugs,0,GPT-Schema,GPT-Free,11,0.9358,0.9042,0.0316,0.802,0.024414,0.042725,0.512695,True,False,GPT-Schema
AP_PR,drugs,0,GPT-Schema,GPT-Law,11,0.9358,0.8898,0.046,1.441,0.000977,0.005127,0.020508,True,True,GPT-Schema
AP_PR,drugs,0,GPT-Schema,Raw-Facts,11,0.9358,0.903,0.0329,1.191,0.004883,0.011393,0.102539,True,False,GPT-Schema
AP_PR,drugs,0,GPT-Free,GPT-Law,11,0.9042,0.8898,0.0144,0.758,0.067383,0.101074,1.0,False,False,GPT-Free
AP_PR,drugs,0,GPT-Free,Raw-Facts,11,0.9042,0.903,0.0012,0.061,0.898438,0.898438,1.0,False,False,GPT-Free
AP_PR,drugs,0,GPT-Law,Raw-Facts,11,0.8898,0.903,-0.0132,-0.601,0.083008,0.102539,1.0,False,False,Raw-Facts
AP_PR,drugs,1,Manual,Hybrid-Manual,11,0.9168,0.8949,0.022,1.395,0.000977,0.002563,0.020508,True,True,Manual
AP_PR,drugs,1,Manual,Hybrid-Full,11,0.9168,0.8799,0.0369,2.704,0.000977,0.002563,0.020508,True,True,Manual
AP_PR,drugs,1,Manual,GPT-Schema,11,0.9168,0.9004,0.0165,1.908,0.001953,0.003729,0.041016,True,True,Manual
AP_PR,drugs,1,Manual,GPT-Free,11,0.9168,0.8714,0.0454,2.741,0.000977,0.002563,0.020508,True,True,Manual
AP_PR,drugs,1,Manual,GPT-Law,11,0.9168,0.8611,0.0557,4.872,0.000977,0.002563,0.020508,True,True,Manual
AP_PR,drugs,1,Manual,Raw-Facts,11,0.9168,0.8686,0.0483,3.477,0.000977,0.002563,0.020508,True,True,Manual
AP_PR,drugs,1,Hybrid-Manual,Hybrid-Full,11,0.8949,0.8799,0.0149,0.686,0.067383,0.08844,1.0,False,False,Hybrid-Manual
AP_PR,drugs,1,Hybrid-Manual,GPT-Schema,11,0.8949,0.9004,-0.0055,-0.31,0.413086,0.43374,1.0,False,False,GPT-Schema
AP_PR,drugs,1,Hybrid-Manual,GPT-Free,11,0.8949,0.8714,0.0234,1.24,0.004883,0.007324,0.102539,True,False,Hybrid-Manual
AP_PR,drugs,1,Hybrid-Manual,GPT-Law,11,0.8949,0.8611,0.0337,1.574,0.00293,0.004733,0.061523,True,False,Hybrid-Manual
AP_PR,drugs,1,Hybrid-Manual,Raw-Facts,11,0.8949,0.8686,0.0263,1.645,0.001953,0.003729,0.041016,True,True,Hybrid-Manual
AP_PR,drugs,1,Hybrid-Full,GPT-Schema,11,0.8799,0.9004,-0.0204,-1.533,0.00293,0.004733,0.061523,True,False,GPT-Schema
AP_PR,drugs,1,Hybrid-Full,GPT-Free,11,0.8799,0.8714,0.0085,0.421,0.206055,0.240397,1.0,False,False,Hybrid-Full
AP_PR,drugs,1,Hybrid-Full,GPT-Law,11,0.8799,0.8611,0.0188,1.637,0.000977,0.002563,0.020508,True,True,Hybrid-Full
AP_PR,drugs,1,Hybrid-Full,Raw-Facts,11,0.8799,0.8686,0.0114,0.574,0.067383,0.08844,1.0,False,False,Hybrid-Full
AP_PR,drugs,1,GPT-Schema,GPT-Free,11,0.9004,0.8714,0.0289,1.589,0.001953,0.003729,0.041016,True,True,GPT-Schema
AP_PR,drugs,1,GPT-Schema,GPT-Law,11,0.9004,0.8611,0.0392,2.921,0.000977,0.002563,0.020508,True,True,GPT-Schema
AP_PR,drugs,1,GPT-Schema,Raw-Facts,11,0.9004,0.8686,0.0318,2.438,0.000977,0.002563,0.020508,True,True,GPT-Schema
AP_PR,drugs,1,GPT-Free,GPT-Law,11,0.8714,0.8611,0.0103,0.533,0.101562,0.12546,1.0,False,False,GPT-Free
AP_PR,drugs,1,GPT-Free,Raw-Facts,11,0.8714,0.8686,0.0029,0.225,0.464844,0.464844,1.0,False,False,GPT-Free
AP_PR,drugs,1,GPT-Law,Raw-Facts,11,0.8611,0.8686,-0.0074,-0.388,0.240234,0.265522,1.0,False,False,Raw-Facts
AP_PR,weapon,0,Manual,Hybrid-Manual,11,0.827,0.8029,0.0241,1.231,0.004883,0.010254,0.102539,True,False,Manual
AP_PR,weapon,0,Manual,Hybrid-Full,11,0.827,0.7832,0.0438,1.13,0.000977,0.003418,0.020508,True,True,Manual
AP_PR,weapon,0,Manual,GPT-Schema,11,0.827,0.8069,0.0201,0.767,0.024414,0.03418,0.512695,True,False,Manual
AP_PR,weapon,0,Manual,GPT-Free,11,0.827,0.7329,0.0941,3.462,0.000977,0.003418,0.020508,True,True,Manual
AP_PR,weapon,0,Manual,GPT-Law,11,0.827,0.7331,0.0939,2.108,0.000977,0.003418,0.020508,True,True,Manual
AP_PR,weapon,0,Manual,Raw-Facts,11,0.827,0.7413,0.0857,1.598,0.001953,0.005859,0.041016,True,True,Manual
AP_PR,weapon,0,Hybrid-Manual,Hybrid-Full,11,0.8029,0.7832,0.0197,0.48,0.174805,0.215935,1.0,False,False,Hybrid-Manual
AP_PR,weapon,0,Hybrid-Manual,GPT-Schema,11,0.8029,0.8069,-0.004,-0.146,0.577148,0.606006,1.0,False,False,GPT-Schema
AP_PR,weapon,0,Hybrid-Manual,GPT-Free,11,0.8029,0.7329,0.07,1.813,0.000977,0.003418,0.020508,True,True,Hybrid-Manual
AP_PR,weapon,0,Hybrid-Manual,GPT-Law,11,0.8029,0.7331,0.0698,1.35,0.00293,0.00769,0.061523,True,False,Hybrid-Manual
AP_PR,weapon,0,Hybrid-Manual,Raw-Facts,11,0.8029,0.7413,0.0616,0.939,0.018555,0.027832,0.389648,True,False,Hybrid-Manual
AP_PR,weapon,0,Hybrid-Full,GPT-Schema,11,0.7832,0.8069,-0.0237,-0.586,0.123047,0.161499,1.0,False,False,GPT-Schema
AP_PR,weapon,0,Hybrid-Full,GPT-Free,11,0.7832,0.7329,0.0503,1.279,0.004883,0.010254,0.102539,True,False,Hybrid-Full
AP_PR,weapon,0,Hybrid-Full,GPT-Law,11,0.7832,0.7331,0.0501,1.184,0.009766,0.01709,0.205078,True,False,Hybrid-Full
AP_PR,weapon,0,Hybrid-Full,Raw-Facts,11,0.7832,0.7413,0.0419,0.823,0.018555,0.027832,0.389648,True,False,Hybrid-Full
AP_PR,weapon,0,GPT-Schema,GPT-Free,11,0.8069,0.7329,0.074,2.371,0.000977,0.003418,0.020508,True,True,GPT-Schema
AP_PR,weapon,0,GPT-Schema,GPT-Law,11,0.8069,0.7331,0.0738,2.06,0.000977,0.003418,0.020508,True,True,GPT-Schema
AP_PR,weapon,0,GPT-Schema,Raw-Facts,11,0.8069,0.7413,0.0656,1.075,0.009766,0.01709,0.205078,True,False,GPT-Schema
AP_PR,weapon,0,GPT-Free,GPT-Law,11,0.7329,0.7331,-0.0002,-0.006,0.898438,0.898438,1.0,False,False,GPT-Law
AP_PR,weapon,0,GPT-Free,Raw-Facts,11,0.7329,0.7413,-0.0084,-0.181,0.464844,0.542318,1.0,False,False,Raw-Facts
AP_PR,weapon,0,GPT-Law,Raw-Facts,11,0.7331,0.7413,-0.0082,-0.176,0.577148,0.606006,1.0,False,False,Raw-Facts
AP_PR,weapon,1,Manual,Hybrid-Manual,11,0.8978,0.8755,0.0223,1.52,0.000977,0.010254,0.020508,True,True,Manual
AP_PR,weapon,1,Manual,Hybrid-Full,11,0.8978,0.8853,0.0126,0.718,0.041992,0.073486,0.881836,False,False,Manual
AP_PR,weapon,1,Manual,GPT-Schema,11,0.8978,0.8786,0.0193,0.855,0.004883,0.014648,0.102539,True,False,Manual
AP_PR,weapon,1,Manual,GPT-Free,11,0.8978,0.8641,0.0337,1.078,0.009766,0.020508,0.205078,True,False,Manual
AP_PR,weapon,1,Manual,GPT-Law,11,0.8978,0.8469,0.051,1.928,0.001953,0.013672,0.041016,True,True,Manual
AP_PR,weapon,1,Manual,Raw-Facts,11,0.8978,0.8456,0.0522,1.387,0.004883,0.014648,0.102539,True,False,Manual
AP_PR,weapon,1,Hybrid-Manual,Hybrid-Full,11,0.8755,0.8853,-0.0097,-0.55,0.147461,0.182158,1.0,False,False,Hybrid-Full
AP_PR,weapon,1,Hybrid-Manual,GPT-Schema,11,0.8755,0.8786,-0.003,-0.122,0.577148,0.637901,1.0,False,False,GPT-Schema
AP_PR,weapon,1,Hybrid-Manual,GPT-Free,11,0.8755,0.8641,0.0114,0.405,0.123047,0.161499,1.0,False,False,Hybrid-Manual
AP_PR,weapon,1,Hybrid-Manual,GPT-Law,11,0.8755,0.8469,0.0287,1.31,0.006836,0.017944,0.143555,True,False,Hybrid-Manual
AP_PR,weapon,1,Hybrid-Manual,Raw-Facts,11,0.8755,0.8456,0.03,0.741,0.053711,0.086764,1.0,False,False,Hybrid-Manual
AP_PR,weapon,1,Hybrid-Full,GPT-Schema,11,0.8853,0.8786,0.0067,0.216,0.637695,0.66958,1.0,False,False,Hybrid-Full
AP_PR,weapon,1,Hybrid-Full,GPT-Free,11,0.8853,0.8641,0.0211,0.848,0.018555,0.035423,0.389648,True,False,Hybrid-Full
AP_PR,weapon,1,Hybrid-Full,GPT-Law,11,0.8853,0.8469,0.0384,1.617,0.000977,0.010254,0.020508,True,True,Hybrid-Full
AP_PR,weapon,1,Hybrid-Full,Raw-Facts,11,0.8853,0.8456,0.0397,1.16,0.004883,0.014648,0.102539,True,False,Hybrid-Full
AP_PR,weapon,1,GPT-Schema,GPT-Free,11,0.8786,0.8641,0.0144,0.374,0.365234,0.426107,1.0,False,False,GPT-Schema
AP_PR,weapon,1,GPT-Schema,GPT-Law,11,0.8786,0.8469,0.0317,1.069,0.009766,0.020508,0.205078,True,False,GPT-Schema
AP_PR,weapon,1,GPT-Schema,Raw-Facts,11,0.8786,0.8456,0.033,0.626,0.101562,0.142187,1.0,False,False,GPT-Schema
AP_PR,weapon,1,GPT-Free,GPT-Law,11,0.8641,0.8469,0.0172,1.195,0.004883,0.014648,0.102539,True,False,GPT-Free
AP_PR,weapon,1,GPT-Free,Raw-Facts,11,0.8641,0.8456,0.0185,0.625,0.101562,0.142187,1.0,False,False,GPT-Free
AP_PR,weapon,1,GPT-Law,Raw-Facts,11,0.8469,0.8456,0.0013,0.034,0.96582,0.96582,1.0,False,False,GPT-Law
