rep,K,agg,domain,n,MAE_lo,MAE_hi
Gemini,3,mean,drugs,1819,5.757559098405717,8.934579439252337
Gemini,3,mean,weapon,1398,12.647114926084884,19.040772532188843
Gemini,3,median,drugs,1819,5.687740516767454,8.859263331500825
Gemini,3,median,weapon,1398,12.55865522174535,18.566523605150216
Gemini,3,softmax,drugs,1819,5.754724788720586,8.927983569602244
Gemini,3,softmax,weapon,1398,12.611117527054919,19.005458091843042
Gemini,5,mean,drugs,1669,5.5670461354104255,8.716476932294787
Gemini,5,mean,weapon,1324,12.276283987915408,18.17069486404834
Gemini,5,median,drugs,1669,5.526662672258838,8.59197124026363
Gemini,5,median,weapon,1324,12.244712990936556,17.44788519637462
Gemini,5,softmax,drugs,1669,5.546920456839738,8.68251461547897
Gemini,5,softmax,weapon,1324,12.204861747340424,18.082492629479056
Gemini,7,mean,drugs,1550,5.642119815668202,8.804516129032258
Gemini,7,mean,weapon,1252,12.007416704701049,17.71485623003195
Gemini,7,median,drugs,1550,5.538709677419355,8.603225806451613
Gemini,7,median,weapon,1252,11.813897763578275,16.973642172523963
Gemini,7,softmax,drugs,1550,5.614217147285448,8.762547593424179
Gemini,7,softmax,weapon,1252,11.941276218742207,17.640537851267535
Gemini,10,mean,drugs,1402,5.6664764621968615,8.820256776034237
Gemini,10,mean,weapon,1164,11.501116838487972,16.996993127147768
Gemini,10,median,drugs,1402,5.584878744650499,8.531740370898715
Gemini,10,median,weapon,1164,11.394759450171822,16.49914089347079
Gemini,10,softmax,drugs,1402,5.629846783062186,8.766014351373638
Gemini,10,softmax,weapon,1164,11.434880167157164,16.90665693794388
Gemini,15,mean,drugs,1208,5.8089955849889625,9.053807947019868
Gemini,15,mean,weapon,1048,11.388994910941475,16.77881679389313
Gemini,15,median,drugs,1208,5.612582781456954,8.677152317880795
Gemini,15,median,weapon,1048,11.509541984732824,16.624045801526716
Gemini,15,softmax,drugs,1208,5.776668105055775,8.993083897063004
Gemini,15,softmax,weapon,1048,11.333451083325565,16.686067737718407
Gemini,20,mean,drugs,1058,6.066729678638942,9.395037807183366
Gemini,20,mean,weapon,967,11.29229576008273,16.682626680455016
Gemini,20,median,drugs,1058,5.906427221172023,9.003308128544424
Gemini,20,median,weapon,967,11.29989658738366,16.740951396070322
Gemini,20,softmax,drugs,1058,6.030364613744742,9.341235780387862
Gemini,20,softmax,weapon,967,11.226981670683871,16.583864692007904
Gemini,50,mean,drugs,549,7.130455373406193,11.519781420765026
Gemini,50,mean,weapon,675,11.583555555555556,17.251703703703704
Gemini,50,median,drugs,549,6.880692167577413,10.768670309653917
Gemini,50,median,weapon,675,11.57925925925926,17.69037037037037
Gemini,50,softmax,drugs,549,7.06577897290275,11.402899241600448
Gemini,50,softmax,weapon,675,11.512552133049597,17.151696977479677
Hybrid-Full,3,mean,drugs,1819,5.338830859446583,8.223749312809236
Hybrid-Full,3,mean,weapon,1398,11.917024320457797,17.867429661421077
Hybrid-Full,3,median,drugs,1819,5.310060472787246,8.109400769653655
Hybrid-Full,3,median,weapon,1398,11.67596566523605,17.25393419170243
Hybrid-Full,3,softmax,drugs,1819,5.309436649362516,8.181017821013919
Hybrid-Full,3,softmax,weapon,1398,11.782543457431546,17.727518863133902
Hybrid-Full,5,mean,drugs,1669,5.1738765727980836,8.004433792690234
Hybrid-Full,5,mean,weapon,1324,11.486404833836858,16.47522658610272
Hybrid-Full,5,median,drugs,1669,5.1455961653684845,7.872378669862193
Hybrid-Full,5,median,weapon,1324,11.11858006042296,15.809667673716012
Hybrid-Full,5,softmax,drugs,1669,5.0697146104592825,7.806991039737912
Hybrid-Full,5,softmax,weapon,1324,11.255545152383286,16.31223815213665
Hybrid-Full,7,mean,drugs,1550,5.315299539170507,8.173824884792626
Hybrid-Full,7,mean,weapon,1252,11.144226380648107,16.155864901871293
Hybrid-Full,7,median,drugs,1550,5.191612903225806,7.972903225806451
Hybrid-Full,7,median,weapon,1252,10.917731629392971,15.742012779552716
Hybrid-Full,7,softmax,drugs,1550,5.129697606687735,7.853783428798367
Hybrid-Full,7,softmax,weapon,1252,10.96091709568497,15.925145702895687
Hybrid-Full,10,mean,drugs,1402,5.307845934379459,8.129743223965763
Hybrid-Full,10,mean,weapon,1164,10.84991408934708,15.683505154639175
Hybrid-Full,10,median,drugs,1402,5.193295292439372,7.871611982881598
Hybrid-Full,10,median,weapon,1164,10.62414089347079,15.225515463917526
Hybrid-Full,10,softmax,drugs,1402,5.1032402137233,7.826391895879661
Hybrid-Full,10,softmax,weapon,1164,10.410780942531082,15.268973195841273
Hybrid-Full,15,mean,drugs,1208,5.458222958057395,8.360099337748345
Hybrid-Full,15,mean,weapon,1048,10.867366412213741,16.048091603053436
Hybrid-Full,15,median,drugs,1208,5.233443708609271,7.996688741721854
Hybrid-Full,15,median,weapon,1048,10.613549618320612,15.407442748091603
Hybrid-Full,15,softmax,drugs,1208,5.160882526709063,7.845389304729019
Hybrid-Full,15,softmax,weapon,1048,10.131426112672786,14.867802840156203
Hybrid-Full,20,mean,drugs,1058,5.714886578449906,8.728024574669186
Hybrid-Full,20,mean,weapon,967,10.819803516028955,16.071458117890383
Hybrid-Full,20,median,drugs,1058,5.4962192816635165,8.254253308128545
Hybrid-Full,20,median,weapon,967,10.580144777662875,15.48086866597725
Hybrid-Full,20,softmax,drugs,1058,5.366519956823703,8.098357906628499
Hybrid-Full,20,softmax,weapon,967,9.786774467834931,14.579565452362202
Hybrid-Full,50,mean,drugs,549,6.446193078324226,10.159089253187615
Hybrid-Full,50,mean,weapon,675,11.118459259259259,16.67442962962963
Hybrid-Full,50,median,drugs,549,6.027322404371585,9.23224043715847
Hybrid-Full,50,median,weapon,675,11.094814814814814,16.881481481481483
Hybrid-Full,50,softmax,drugs,549,5.557120958218308,8.527180683102658
Hybrid-Full,50,softmax,weapon,675,9.684364189595856,14.829186136428357
Random-K,3,mean,drugs,1819,7.375847535275792,11.615906175554333
Random-K,3,mean,weapon,1398,16.606580829756794,24.326180257510728
Random-K,3,median,drugs,1819,7.2528862012094555,11.28807036833425
Random-K,3,median,weapon,1398,15.188841201716738,22.8068669527897
Random-K,3,softmax,drugs,1819,7.7604527410945146,12.319365353542603
Random-K,3,softmax,weapon,1398,16.754698161533096,24.704542840751582
Random-K,5,mean,drugs,1669,7.043499101258239,11.166446974236068
Random-K,5,mean,weapon,1324,15.532477341389727,22.414350453172204
Random-K,5,median,drugs,1669,6.862192929898143,11.002396644697424
Random-K,5,median,weapon,1324,14.098187311178247,20.76737160120846
Random-K,5,softmax,drugs,1669,7.383568767071143,11.855259447387768
Random-K,5,softmax,weapon,1324,16.010817856557598,23.13791809641906
Random-K,7,mean,drugs,1550,6.9071889400921656,10.980276497695852
Random-K,7,mean,weapon,1252,15.136467366499314,21.930853491556366
Random-K,7,median,drugs,1550,6.67741935483871,10.798064516129033
Random-K,7,median,weapon,1252,13.54552715654952,19.977635782747605
Random-K,7,softmax,drugs,1550,7.30427327453043,11.682639033763145
Random-K,7,softmax,weapon,1252,15.701235213667838,22.75337514446607
Random-K,10,mean,drugs,1402,6.892582025677603,10.923751783166905
Random-K,10,mean,weapon,1164,14.576890034364261,21.156786941580755
Random-K,10,median,drugs,1402,6.601640513552068,10.552425106990015
Random-K,10,median,weapon,1164,13.048109965635739,19.439432989690722
Random-K,10,softmax,drugs,1402,7.260115037664076,11.529415476304658
Random-K,10,softmax,weapon,1164,14.95153957578252,21.76097482284508
Random-K,15,mean,drugs,1208,7.0837748344370866,11.093377483443708
Random-K,15,mean,weapon,1048,14.497010178117048,21.18416030534351
Random-K,15,median,drugs,1208,6.699503311258278,10.440397350993377
Random-K,15,median,weapon,1048,12.941793893129772,19.206106870229007
Random-K,15,softmax,drugs,1208,7.359468205091071,11.567707987742565
Random-K,15,softmax,weapon,1048,14.85492501262591,21.698294700967914
Random-K,20,mean,drugs,1058,7.4019848771266545,11.61101134215501
Random-K,20,mean,weapon,967,14.358738366080662,21.077094105480867
Random-K,20,median,drugs,1058,6.975897920604915,10.780245746691872
Random-K,20,median,weapon,967,12.756980351602895,19.046018614270942
Random-K,20,softmax,drugs,1058,7.635829361243931,12.04704127619384
Random-K,20,softmax,weapon,967,14.573448271243137,21.373462511773944
Random-K,50,mean,drugs,549,8.464371584699453,13.772750455373405
Random-K,50,mean,weapon,675,14.584977777777778,21.738518518518518
Random-K,50,median,drugs,549,7.934426229508197,12.70856102003643
Random-K,50,median,weapon,675,13.168148148148148,19.81037037037037
Random-K,50,softmax,drugs,549,8.546503867588278,13.855952631532448
Random-K,50,softmax,weapon,675,14.961353387092204,22.271299460184913
TF-IDF,3,mean,drugs,1819,5.78816199376947,9.124610591900312
TF-IDF,3,mean,weapon,1398,13.294706723891274,19.734859322842155
TF-IDF,3,median,drugs,1819,5.699835074216603,8.909840571742716
TF-IDF,3,median,weapon,1398,12.945636623748213,18.724606580829757
TF-IDF,3,softmax,drugs,1819,5.719806899797699,9.009555168044455
TF-IDF,3,softmax,weapon,1398,13.294610825875658,19.75587474800208
TF-IDF,5,mean,drugs,1669,5.572198921509886,8.78873576992211
TF-IDF,5,mean,weapon,1324,12.602567975830816,18.505589123867072
TF-IDF,5,median,drugs,1669,5.52486518873577,8.532654284002396
TF-IDF,5,median,weapon,1324,11.773413897280967,16.871601208459214
TF-IDF,5,softmax,drugs,1669,5.463882456054142,8.602929842327546
TF-IDF,5,softmax,weapon,1324,12.543518399575108,18.315789669950092
TF-IDF,7,mean,drugs,1550,5.647281105990783,8.896774193548387
TF-IDF,7,mean,weapon,1252,12.394682793245094,18.304769511638522
TF-IDF,7,median,drugs,1550,5.554838709677419,8.447096774193549
TF-IDF,7,median,weapon,1252,11.648562300319488,16.828274760383387
TF-IDF,7,softmax,drugs,1550,5.475860931263484,8.637188368390008
TF-IDF,7,softmax,weapon,1252,12.266355461491823,18.02974347899332
TF-IDF,10,mean,drugs,1402,5.747646219686162,9.061626248216832
TF-IDF,10,mean,weapon,1164,12.063573883161512,17.73333333333333
TF-IDF,10,median,drugs,1402,5.634807417974322,8.764978601997147
TF-IDF,10,median,weapon,1164,11.308848797250858,16.32860824742268
TF-IDF,10,softmax,drugs,1402,5.522380857453459,8.735612070931644
TF-IDF,10,softmax,weapon,1164,11.857057829745171,17.417860024402692
TF-IDF,15,mean,drugs,1208,5.901986754966888,9.245971302428256
TF-IDF,15,mean,weapon,1048,12.108651399491094,17.794274809160306
TF-IDF,15,median,drugs,1208,5.7698675496688745,8.82615894039735
TF-IDF,15,median,weapon,1048,11.377862595419847,16.37881679389313
TF-IDF,15,softmax,drugs,1208,5.662673431114875,8.925888175515537
TF-IDF,15,softmax,weapon,1048,11.842739684647054,17.38246702964663
TF-IDF,20,mean,drugs,1058,6.101937618147448,9.572826086956521
TF-IDF,20,mean,weapon,967,12.03324715615305,17.751034126163393
TF-IDF,20,median,drugs,1058,5.853024574669187,8.977315689981097
TF-IDF,20,median,weapon,967,11.241468459152017,16.56670113753878
TF-IDF,20,softmax,drugs,1058,5.865698190803118,9.208159844967003
TF-IDF,20,softmax,weapon,967,11.689760280308592,17.26712571426242
TF-IDF,50,mean,drugs,549,7.0925683060109295,11.4216029143898
TF-IDF,50,mean,weapon,675,12.722251851851853,18.542874074074074
TF-IDF,50,median,drugs,549,6.826047358834244,10.659380692167577
TF-IDF,50,median,weapon,675,11.654814814814815,17.568148148148147
TF-IDF,50,softmax,drugs,549,6.693515232749921,10.799086910298817
TF-IDF,50,softmax,weapon,675,12.39297826274496,18.13416393450876
